1091,BackdropTemplateMixin
139,MapCanvasDataProviderMixin
112,MapCanvasPinMixin
96,NineSlicePanelMixin
96,TooltipBackdropTemplateMixin
82,ObjectPoolMixin
39,DropDownMenuButtonMixin
23,MapCanvasScrollControllerMixin
22,ActionBarActionButtonMixin
22,BaseMapPoiPinMixin
20,CallbackRegistryMixin
18,ShrinkUntilTruncateFontStringMixin
17,MapCanvasMixin
15,ArtifactBarMixin
15,CommunitiesListEntryMixin
15,PVPCellNameMixin
15,UIWidgetTemplateStatusBarMixin
13,ContributionMixin
13,ItemMixin
13,PlayerLocationMixin
12,AzeriteBarMixin
12,ColorMixin
12,WardrobeSetsDataProviderMixin
12,WorldQuestDataProviderMixin
11,AlertFrameMixin
11,ContributionRewardMixin
11,ExpBarMixin
11,NameplateBuffContainerMixin
11,SmoothStatusBarMixin
10,ChannelButtonHeaderMixin
10,UIMenuButtonStretchMixin
10,Vector2DMixin
10,VignettePinMixin
9,GarrisonMission
9,TableInspectorMixin
9,WorldMapTrackingOptionsButtonMixin
9,WorldMap_WorldQuestPinMixin
8,CommunitiesNotificationSettingsStreamEntryMixin
8,HelpTipTemplateMixin
8,PaladinPowerBar
8,ReputationBarMixin
8,WorldMapMixin
7,ExhaustionTickMixin
7,FlightPointDataProviderMixin
7,ScenarioChallengeModeAffixMixin
7,SecondsFormatterMixin
7,UIWidgetTemplateScenarioHeaderCurrenciesAndBackgroundMixin
7,WorldMapTrackingPinButtonMixin
6,GarrisonFollowerTabMixin
6,HonorBarMixin
6,SpellMixin
6,UIDropDownCustomMenuEntryMixin
6,WorldQuestPinMixin
5,AreaPOIPinMixin
5,ArtifactPowerButtonMixin
5,BonusObjectiveDataProviderMixin
5,ChromieTimeExpansionButtonMixin
5,DropDownExpandArrowMixin
5,GarrisonFollowerMissionComplete
5,GarrisonMissionListMixin
5,ItemButtonMixin
5,LargeDropDownMenuButtonMixin
5,OpenAllMailMixin
5,PetStableModelFrameMixin
5,QuestPinMixin
5,ScrollBoxListMixin
5,WaypointLocationDataProviderMixin
5,WaypointLocationPinMixin
5,WorldMapPOIQuantizerMixin
4,ActionBarButtonEventsFrameMixin
4,AreaPOIDataProviderMixin
4,ContributeButtonMixin
4,DressUpOutfitMixin
4,GarrisonFollowerPortraitMixin
4,MapCanvasDetailLayerMixin
4,MapExplorationDataProviderMixin
4,StatusTrackingBarMixin
4,StorylineQuestDataProviderMixin
4,TemplatedListMixin
4,UIWidgetTemplateCaptureBarMixin
4,VignetteDataProviderMixin
4,WorldQuestPingPinMixin
3,AreaLabelFrameMixin
3,AuctionHouseAuctionsSummaryLineMixin
3,AuctionHouseTableCellAuctionsItemLevelMixin
3,AuctionHouseTableCellFavoriteButtonMixin
3,AuctionHouseTableHeaderStringMixin
3,ClassPowerBar
3,CommunitiesMemberListEntryMixin
3,ContainerFrameItemButtonMixin
3,ContributionStatusMixin
3,DataProviderMixin
3,DoublyLinkedListMixin
3,DurabilityFrameMixin
3,EncounterJournalPinMixin
3,EventTraceFilterButtonMixin
3,EventTraceLogEventButtonMixin
3,FlightMap_FlightPointPinMixin
3,FontableFrameMixin
3,FriendsListButtonMixin
3,GarrisonFollowerList
3,GroupMembersDataProviderMixin
3,ItemLocationMixin
3,LayoutMixin
3,ModelControlRotateButtonMixin
3,ModelSceneMixin
3,MonkPowerBar
3,NamePlateDriverMixin
3,NewMountAlertFrameMixin
3,NewPetAlertFrameMixin
3,OrderHallCommandBarMixin
3,PVPConquestRewardMixin
3,PetTamerDataProviderMixin
3,PvpTalentSlotMixin
3,QuestLogHeaderCodeMixin
3,QuickKeybindButtonTemplateMixin
3,SoulbindTreeNodeLinkMixin
3,SquareIconButtonMixin
3,TextureLoadingGroupMixin
3,UIExpandingButtonMixin
3,WardrobeOutfitDropDownMixin
3,WardrobeSetsCollectionMixin
3,WorldMap_WorldQuestDataProviderMixin
3,WorldQuestPinPingDriverAnimationMixin
2,APIDocumentationMixin
2,ActorPoolMixin
2,AdventureMapMixin
2,AnimatedHealthLossMixin
2,AreaLabelDataProviderMixin
2,ArtifactPerksMixin
2,ArtifactTitleTemplateMixin
2,AuctionHouseBackgroundMixin
2,AzeriteEmpoweredItemPowerMixin
2,BagSlotMixin
2,BannerDataProvider
2,BattlefieldFlagDataProviderMixin
2,BonusObjectivePinMixin
2,ButtonWithDisableMixin
2,CampaignCollapseButtonMixin
2,CampaignHeaderDisplayMixin
2,CampaignHeaderMixin
2,CampaignLoreButtonMixin
2,CampaignNextObjectiveMixin
2,CampaignOverviewMixin
2,CampaignTooltipMixin
2,ClassNameplateBar
2,ClassNameplateManaBar
2,CommentatorUnitFrameMixin
2,CommunitiesFrameMixin
2,ConduitListConduitButtonMixin
2,ContributionCollectorDataProviderMixin
2,ContributionCollectorPinMixin
2,CovenantCallingsHeaderMixin
2,CovenantMission
2,CurrencyDisplayGroupMixin
2,CurrencyDisplayMixin
2,CurrencyHorizontalLayoutFrameMixin
2,DeathMapDataProviderMixin
2,DigSiteDataProviderMixin
2,DirtyFlagsMixin
2,DressUpModelFrameLinkButtonMixin
2,DressUpModelFrameMixin
2,DressUpOutfitDetailsSlotMixin
2,DungeonEntranceDataProviderMixin
2,EncounterJournalDataProviderMixin
2,FadeScrollMixin
2,FlightMap_FlightPathDataProviderMixin
2,FlightMap_WorldQuestDataProviderMixin
2,FlightMap_WorldQuestPinMixin
2,FogOfWarDataProviderMixin
2,FontStringPoolMixin
2,FramePoolMixin
2,GarrisonFollowerMissionPageMixin
2,GarrisonPlotDataProviderMixin
2,GossipDataProviderMixin
2,GuildBankFrameMixin
2,GuildMicroButtonMixin
2,InvasionDataProviderMixin
2,ItemTransmogInfoMixin
2,LandingPageRenownButtonMixin
2,LandingPageSoulbindButtonMixin
2,MainMenuBarMicroButtonMixin
2,MapHighlightDataProviderMixin
2,MapIndicatorQuestDataProviderMixin
2,MapLinkDataProviderMixin
2,MawBuffsBelowMinimapFrameMixin
2,ModelControlButtonMixin
2,ModelFrameMixin
2,ModelSceneActorMixin
2,MoneyDisplayFrameMixin
2,OrderHallCombatAllyMixin
2,PVPHonorRewardCurrencyMixin
2,PVPHonorRewardItemMixin
2,PVPHonorRewardMoneyMixin
2,PVPHonorRewardTitleMixin
2,PetTamerPinMixin
2,PlayerChoiceBaseOptionTemplateMixin
2,PlayerChoiceTorghastOptionTemplateMixin
2,PlayerPreviewToggle
2,PvpRoleButtonWithCountMixin
2,PvpTalentButtonMixin
2,QuestBlobDataProviderMixin
2,QuestDataProviderMixin
2,QuestLogHeaderMixin
2,QuestLogMixin
2,QuestLogOwnerMixin
2,QuestSessionDataProviderMixin
2,QuestSessionManagementMixin
2,RoleCountMixin
2,RuneFrameMixin
2,RuneforgePowerBaseMixin
2,ScenarioDataProviderMixin
2,ScrollListMixin
2,SelectableGraveyardDataProviderMixin
2,StatusTrackingManagerMixin
2,StorylineQuestPinMixin
2,TalentMicroButtonMixin
2,TalentRankDisplayMixin
2,TexturePoolMixin
2,TradeSkillDetailsMixin
2,TradeSkillGuildListingMixin
2,TradeSkillRecipeListMixin
2,TransmogLocationMixin
2,TransmogSlotButtonMixin
2,UIButtonMixin
2,UIWidgetTemplateTextWithStateMixin
2,VehicleDataProviderMixin
2,WardrobeFrameMixin
2,WardrobeOutfitFrameMixin
2,WardrobeOutfitMixin
2,WardrobeSetsDetailsItemMixin
2,WardrobeTransmogClearAllPendingButtonMixin
2,WorldMapNavBarMixin
2,WorldMapTutorialMixin
2,WorldMap_EventOverlayDataProviderMixin
1,AchievementDisplayMixin
1,AchievementDisplayOverviewBulletMixin
1,AchievementMicroButtonMixin
1,ActionBarActionEventsFrameMixin
1,ActionBarButtonSpellActivationAlertMixin
1,ActionBarOverlayGlowAnimInMixin
1,ActionBarOverlayGlowAnimOutMixin
1,ActionStatusMixin
1,AdventureMapInsetMixin
1,AdventureMapQuestChoiceDialogMixin
1,AdventureMap_FogPinMixin
1,AdventureMap_QuestChoiceDataProviderMixin
1,AdventureMap_QuestChoicePinMixin
1,AdventureMap_QuestOfferPinMixin
1,AdventureMap_ZoneSummaryInsetPinMixin
1,AdventureMap_ZoneSummaryPinMixin
1,AdventuresBoardAuraContainerMixin
1,AdventuresBoardAuraIconMixin
1,AdventuresBoardCombatMixin
1,AdventuresBoardMixin
1,AdventuresCombatLogMixin
1,AdventuresCompleteScreenContinueButtonMixin
1,AdventuresCompleteScreenMixin
1,AdventuresCompleteScreenSpeedButtonMixin
1,AdventuresEnemyPuckMixin
1,AdventuresFollowerPuckMixin
1,AdventuresFriendlyTargetingIndicatorMixin
1,AdventuresLevelPortraitMixin
1,AdventuresMissionPageFollowerPuckMixin
1,AdventuresPuckAbilityMixin
1,AdventuresPuckHealthBarMixin
1,AdventuresPuckMixin
1,AdventuresRewardsFollowerMixin
1,AdventuresRewardsScreenContinueButtonMixin
1,AdventuresRewardsScreenMixin
1,AdventuresSocketMixin
1,AdventuresTargetingIndicatorMixin
1,AlertContainerMixin
1,AlertMountEquipmentFeatureMixin
1,AlliedRacesFrameMixin
1,AlliedRacesModelControlButtonMixin
1,AlliedRacesModelControlRotateButtonMixin
1,AlliedRacesModelControlZoomButtonMixin
1,AlphaHighlightButtonMixin
1,AnchorHighlightMixin
1,AnchorMixin
1,AnimaDiversionConnectionMixin
1,AnimaDiversionCurrencyFrameMixin
1,AnimaDiversionDataProviderMixin
1,AnimaDiversionFrameMixin
1,AnimaDiversionModelScenePinMixin
1,AnimaDiversionPinMixin
1,AnimaDiversion_WorldQuestDataProviderMixin
1,AnimaDiversion_WorldQuestPinMixin
1,AnimaNodeReinforceButtonMixin
1,AnimatedNumericFontStringMixin
1,AnimatedStatusBarMixin
1,ArdenwealdGardeningButtonMixin
1,ArtifactAppearanceSlotMixin
1,ArtifactAppearancesMixin
1,ArtifactFrameUnderlayMixin
1,ArtifactLevelUpToastMixin
1,ArtifactLineMixin
1,ArtifactTickMixin
1,ArtifactUIMixin
1,AuctionCategoryMixin
1,AuctionHouseAlignedDurationDropDownMixin
1,AuctionHouseAlignedPriceDisplayMixin
1,AuctionHouseAlignedPriceInputFrameMixin
1,AuctionHouseAlignedQuantityInputBoxMixin
1,AuctionHouseAlignedQuantityInputFrameMixin
1,AuctionHouseAuctionsFrameMixin
1,AuctionHouseAuctionsFrameTabMixin
1,AuctionHouseAuctionsSummaryListMixin
1,AuctionHouseBidButtonMixin
1,AuctionHouseBidFrameMixin
1,AuctionHouseBrowseResultsFrameMixin
1,AuctionHouseBuyDialogButtonMixin
1,AuctionHouseBuyDialogBuyNowButtonMixin
1,AuctionHouseBuyDialogCancelButtonMixin
1,AuctionHouseBuyDialogMixin
1,AuctionHouseBuyDialogNotificationButtonMixin
1,AuctionHouseBuyDialogNotificationFrameMixin
1,AuctionHouseBuyDialogOkayButtonMixin
1,AuctionHouseBuySystemMixin
1,AuctionHouseBuyoutButtonMixin
1,AuctionHouseBuyoutFrameMixin
1,AuctionHouseBuyoutModeCheckButtonMixin
1,AuctionHouseCategoriesListMixin
1,AuctionHouseClearFiltersButtonMixin
1,AuctionHouseCommoditiesBackButtonMixin
1,AuctionHouseCommoditiesBuyButtonMixin
1,AuctionHouseCommoditiesBuyDisplayMixin
1,AuctionHouseCommoditiesBuyFrameMixin
1,AuctionHouseCommoditiesBuyListMixin
1,AuctionHouseCommoditiesListMixin
1,AuctionHouseCommoditiesSellFrameMixin
1,AuctionHouseCommoditiesSellListMixin
1,AuctionHouseDurationDropDownMixin
1,AuctionHouseFavoritableLineMixin
1,AuctionHouseFavoriteDropDownMixin
1,AuctionHouseFavoritesSearchButtonMixin
1,AuctionHouseFilterButtonMixin
1,AuctionHouseFilterDropDownMenuMixin
1,AuctionHouseFrameDisplayModeTabMixin
1,AuctionHouseFrameMixin
1,AuctionHouseFrameTabMixin
1,AuctionHouseFrameTopTabMixin
1,AuctionHouseInteractableItemDisplayItemButtonMixin
1,AuctionHouseInteractableItemDisplayMixin
1,AuctionHouseItemBuyFrameMixin
1,AuctionHouseItemDisplayItemButtonMixin
1,AuctionHouseItemDisplayMixin
1,AuctionHouseItemListLineMixin
1,AuctionHouseItemListMixin
1,AuctionHouseItemSellFrameMixin
1,AuctionHouseLevelRangeEditBoxMixin
1,AuctionHouseLevelRangeFrameMixin
1,AuctionHousePriceErrorFrameMixin
1,AuctionHouseQuantityInputBoxMixin
1,AuctionHouseQuantityInputMaxButtonMixin
1,AuctionHouseRefreshButtonMixin
1,AuctionHouseRefreshFrameMixin
1,AuctionHouseSearchBarMixin
1,AuctionHouseSearchBoxMixin
1,AuctionHouseSearchButtonMixin
1,AuctionHouseSellFrameAlignedControlMixin
1,AuctionHouseSellFrameItemDisplayMixin
1,AuctionHouseSellFrameMixin
1,AuctionHouseSellFrameOverlayMixin
1,AuctionHouseSellFramePostButtonMixin
1,AuctionHouseSortOrderSystemMixin
1,AuctionHouseSystemMixin
1,AuctionHouseTableCellAllAuctionsBidMixin
1,AuctionHouseTableCellAllAuctionsBuyoutMixin
1,AuctionHouseTableCellAllAuctionsPriceMixin
1,AuctionHouseTableCellAuctionsBidMixin
1,AuctionHouseTableCellAuctionsBuyoutMixin
1,AuctionHouseTableCellAuctionsCommoditiesQuantityMixin
1,AuctionHouseTableCellAuctionsItemDisplayMixin
1,AuctionHouseTableCellAuctionsMixin
1,AuctionHouseTableCellAuctionsOwnersMixin
1,AuctionHouseTableCellAuctionsPriceMixin
1,AuctionHouseTableCellAuctionsTextMixin
1,AuctionHouseTableCellAuctionsUnitPriceMixin
1,AuctionHouseTableCellBidMixin
1,AuctionHouseTableCellBuyoutMixin
1,AuctionHouseTableCellCommoditiesQuantityMixin
1,AuctionHouseTableCellFavoriteMixin
1,AuctionHouseTableCellItemDisplayMixin
1,AuctionHouseTableCellItemKeyMixin
1,AuctionHouseTableCellItemQuantityMixin
1,AuctionHouseTableCellItemSellBuyoutMixin
1,AuctionHouseTableCellLevelMixin
1,AuctionHouseTableCellMinPriceMixin
1,AuctionHouseTableCellMixin
1,AuctionHouseTableCellOwnedCheckmarkMixin
1,AuctionHouseTableCellOwnersMixin
1,AuctionHouseTableCellQuantityMixin
1,AuctionHouseTableCellTextTooltipMixin
1,AuctionHouseTableCellTimeLeftBandMixin
1,AuctionHouseTableCellTimeLeftMixin
1,AuctionHouseTableCellTooltipMixin
1,AuctionHouseTableCellUnitPriceMixin
1,AuctionHouseTableCellVirtualTextMixin
1,AuctionHouseTableExtraInfoMixin
1,AuctionHouseTablePriceDisplayMixin
1,AutoScalingFontStringMixin
1,AzeriteEmpoweredItemChannelMixin
1,AzeriteEmpoweredItemDataSourceMixin
1,AzeriteEmpoweredItemSlotMixin
1,AzeriteEmpoweredItemTierMixin
1,AzeriteEmpoweredItemUIMixin
1,AzeriteEssenceButtonMixin
1,AzeriteEssenceDependencyLineMixin
1,AzeriteEssenceLearnAnimFrameMixin
1,AzeriteEssenceListMixin
1,AzeriteEssenceUIMixin
1,AzeriteIslandsToastAccumulatorMixin
1,AzeriteIslandsToastMixin
1,AzeriteItemLevelUpToastMixin
1,AzeriteMilestoneBaseMixin
1,AzeriteMilestoneRankedMixin
1,AzeriteMilestoneSlotMixin
1,AzeriteMilestoneStaminaMixin
1,AzeritePaperDollItemOverlayMixin
1,AzeriteRespecButtonMixin
1,AzeriteRespecItemSlotMixin
1,AzeriteRespecMixin
1,AzeriteTierBaseAnimationMixin
1,AzeriteTierFinalPowerSelectedAnimationMixin
1,AzeriteTierPowerSelectedAnimationMixin
1,AzeriteTierRevealAnimationMixin
1,BFAFollowerMissionPageMixin
1,BFAMission
1,BNToastMixin
1,BNetTimeAlertMixin
1,BackpackCurrencyCheckBoxMixin
1,BankItemButtonBagMixin
1,BankItemButtonMixin
1,BarberShopButtonMixin
1,BarberShopMixin
1,BaseAPIMixin
1,BaseExpandableDialogMixin
1,BaseNineSliceDialogMixin
1,BaseTextTimerMixin
1,BattlefieldFlagMixin
1,BattlefieldMapMixin
1,BattlefieldMapTabMixin
1,BehavioralMessagingDetailsMixin
1,BehavioralMessagingNotificationMixin
1,BehavioralMessagingTrayMixin
1,BuilderSpender
1,BulletPointMixin
1,BulletPointWithTextureMixin
1,ButtonControllerMixin
1,ButtonGroupBaseMixin
1,ButtonGroupMixin
1,CVarMapCanvasDataProviderMixin
1,CancelAuctionButtonMixin
1,ChallengeModeBannerPartyMemberMixin
1,ChallengeModeCompleteBannerMixin
1,ChallengeModeWeeklyChestMixin
1,ChallengesDungeonIconMixin
1,ChallengesFrameWeeklyInfoMixin
1,ChallengesKeystoneFrameAffixMixin
1,ChallengesKeystoneFrameMixin
1,ChallengesKeystoneSlotMixin
1,ChannelButtonBaseMixin
1,ChannelButtonCommunityMixin
1,ChannelButtonMixin
1,ChannelButtonTextMixin
1,ChannelButtonVoiceMixin
1,ChannelFrameButtonMixin
1,ChannelFrameMixin
1,ChannelListMixin
1,ChannelRosterButtonMixin
1,ChannelRosterMixin
1,CharCustomizeAlteredFormButtonMixin
1,CharCustomizeBaseButtonMixin
1,CharCustomizeCategoryButtonMixin
1,CharCustomizeClickOrHoldButtonMixin
1,CharCustomizeFrameWithExpandableTooltipMixin
1,CharCustomizeFrameWithTooltipMixin
1,CharCustomizeMaskedButtonMixin
1,CharCustomizeMixin
1,CharCustomizeOptionCheckButtonMixin
1,CharCustomizeOptionSelectionPopoutMixin
1,CharCustomizeOptionSliderMixin
1,CharCustomizeParentFrameBaseMixin
1,CharCustomizeRandomizeAppearanceButtonMixin
1,CharCustomizeResetCameraButtonMixin
1,CharCustomizeRotateButtonMixin
1,CharCustomizeSelectionPopoutButtonMixin
1,CharCustomizeSelectionPopoutDetailsMixin
1,CharCustomizeSelectionPopoutEntryMixin
1,CharCustomizeSexButtonMixin
1,CharCustomizeShapeshiftFormButtonMixin
1,CharCustomizeSmallButtonMixin
1,CharCustomizeZoomButtonMixin
1,CharacterCreateClassButtonMixin
1,CharacterCreateClassTrialSpecsMixin
1,CharacterCreateEditBoxMixin
1,CharacterCreateFactionHeaderMixin
1,CharacterCreateFrameRacialAbilityMixin
1,CharacterCreateMixin
1,CharacterCreateNameAvailabilityStateMixin
1,CharacterCreateNavButtonMixin
1,CharacterCreateRaceAndClassMixin
1,CharacterCreateRaceButtonMixin
1,CharacterCreateRacialAbilityListMixin
1,CharacterCreateRandomNameButtonMixin
1,CharacterCreateSpecButtonMixin
1,CharacterCreateStartingZoneArtMixin
1,CharacterCreateStartingZoneButtonMixin
1,CharacterCreateStartingZoneMixin
1,CharacterCreateZoneChoiceMixin
1,CharacterMicroButtonMixin
1,CharacterModelFrameMixin
1,ChatAlertFrameMixin
1,ChatConfigFrameTabManagerMixin
1,ChatConfigWideCheckBoxManagerMixin
1,ChatConfigWideCheckBoxMixin
1,ChatWindowTabMixin
1,ChromieTimeFrameMixin
1,ChromieTimeSelectButtonMixin
1,CircularBufferMixin
1,ClassNameplateBarBrewmasterMonk
1,ClassNameplateBarDeathKnight
1,ClassNameplateBarMage
1,ClassNameplateBarPaladin
1,ClassNameplateBarRogueDruid
1,ClassNameplateBarWarlock
1,ClassNameplateBarWarlockShardMixin
1,ClassNameplateBarWindwalkerMonk
1,ClassTrialCheckButtonMixin
1,ClassTrialDialogMixin
1,ClassTrialSecureFrameMixin
1,ClassTrialTimerDisplayMixin
1,ClickBindingFrameMixin
1,ClickBindingFramePortraitMixin
1,ClickBindingHeaderMixin
1,ClickBindingLineMixin
1,ClickBindingTutorialMixin
1,ClickToDragMixin
1,ClickToZoomDataProviderMixin
1,ClickToZoomDataProvider_LabelMixin
1,ClubFinderApplicantCancelButtonMixin
1,ClubFinderApplicantEntryMixin
1,ClubFinderApplicantInviteButtonMixin
1,ClubFinderApplicantListMixin
1,ClubFinderCardMixin
1,ClubFinderCheckboxMixin
1,ClubFinderCommunitiesCardMixin
1,ClubFinderCommunitiesCardsBaseMixin
1,ClubFinderCommunitiesCardsMixin
1,ClubFinderFilterDropdownMixin
1,ClubFinderGuildAndCommunityMixin
1,ClubFinderGuildCardMixin
1,ClubFinderGuildCardsBaseMixin
1,ClubFinderGuildCardsMixin
1,ClubFinderInvitationsFrameMixin
1,ClubFinderLanguageDropdownMixin
1,ClubFinderOptionsMixin
1,ClubFinderPendingCommunitiesCardsMixin
1,ClubFinderPendingGuildCardsMixin
1,ClubFinderReportFrameMixin
1,ClubFinderRequestToJoinMixin
1,ClubFinderRoleCheckBoxMixin
1,ClubFinderRoleMixin
1,ClubFinderSearchButtonMixin
1,ClubFinderSearchEditBoxMixin
1,ClubFinderTabMixin
1,ClubFocusDropdownMixin
1,ClubPendingRecruitListMixin
1,ClubSizeDropdownMixin
1,ClubSortByDropdownMixin
1,ClubsFinderJoinClubWarningMixin
1,ClubsRecruitmentDialogMixin
1,CollectionMicroButtonMixin
1,CollectionsPagingMixin
1,ColumnDisplayMixin
1,ComboPointPowerBar
1,CommentatorDebuffMixin
1,CommentatorMixin
1,CommentatorModelSceneMixin
1,CommentatorNamePlateMixin
1,CommentatorScoreboardMixin
1,CommentatorSpellBaseMixin
1,CommentatorSpellCache
1,CommentatorSpellMixin
1,CommentatorSpellTrayMixin
1,CommentatorVictoryFanfareFrameMixin
1,CommunitiesAddDialogMixin
1,CommunitiesAddToChatMixin
1,CommunitiesAvatarPickerDialogMixin
1,CommunitiesAvatarPickerDialogScrollFrameMixin
1,CommunitiesCalendarButtonMixin
1,CommunitiesChatMixin
1,CommunitiesChatTabMixin
1,CommunitiesControlFrameMixin
1,CommunitiesCreateDialogMixin
1,CommunitiesEditStreamDialogMixin
1,CommunitiesFrameMemberListDropDownMenuMixin
1,CommunitiesFrameTabMixin
1,CommunitiesGuildFactionBarMixin
1,CommunitiesGuildMemberDetailMixin
1,CommunitiesInvitationFrameMixin
1,CommunitiesListDropDownMenuMixin
1,CommunitiesListMixin
1,CommunitiesMemberListMixin
1,CommunitiesNotificationSettingsDialogMixin
1,CommunitiesSettingsDialogMixin
1,CommunitiesStreamDropDownMixin
1,CommunitiesTicketEntryMixin
1,CommunitiesTicketFrameMixin
1,CommunitiesTicketManagerDialogMixin
1,CommunitiesTicketManagerScrollFrameMixin
1,CommunityMemberListDropDownMenuMixin
1,ConduitListCategoryButtonMixin
1,ConduitListMixin
1,ConduitListSectionMixin
1,ConfirmBNJoinGroupRequestDialogMixin
1,ConfirmInviteToGroupDialogMixin
1,ConfirmInviteToGroupReceivedDialogMixin
1,ConfirmInviteTravelPassConfirmationDialogMixin
1,ConfirmJoinGroupRequestDialogMixin
1,ConfirmRequestToJoinGroupDialogMixin
1,ContainedAlertFrameMixin
1,ContainedAlertSubSystemMixin
1,ContainerFramePortraitButtonMixin
1,ContentFrameMixin
1,ContributionCollectionMixin
1,ContributionRewardMouseOverMixin
1,ConvenantMissionPageMouseOverTitleMixin
1,CorpsePinMixin
1,CovenantAbilityButtonMixin
1,CovenantCallingMixin
1,CovenantCallingQuestMixin
1,CovenantCallingsMixin
1,CovenantCelebrationBannerMixin
1,CovenantChoiceToastMixin
1,CovenantFeatureButtonMixin
1,CovenantFollowerListMixin
1,CovenantFollowerMissionPageMixin
1,CovenantFollowerTabMixin
1,CovenantMissionEncounterIconMixin
1,CovenantMissionEnvironmentEffectMixin
1,CovenantMissionListMixin
1,CovenantMissionPageEnemyMixin
1,CovenantPortraitMixin
1,CovenantPreviewFrameMixin
1,CovenantPreviewModelSceneContainerMixin
1,CovenantRenownHeaderFrameMixin
1,CovenantRenownLevelMixin
1,CovenantRenownMixin
1,CovenantRenownRewardMixin
1,CovenantRenownToastMixin
1,CovenantRenownTrackButtonMixin
1,CovenantRenownTrackFrameMixin
1,CovenantSanctumIntroBoxMixin
1,CovenantSanctumMixin
1,CovenantSanctumUpgradeBaseMixin
1,CovenantSanctumUpgradeButtonMixin
1,CovenantSanctumUpgradeReservoirMixin
1,CovenantSanctumUpgradeTalentListMixin
1,CovenantSanctumUpgradeTalentMixin
1,CovenantSanctumUpgradeTreeMixin
1,CovenantSanctumUpgradesTabMixin
1,CovenantSoulbindButtonMixin
1,CreateChannelPopupMixin
1,CriteriaBulletMixin
1,CriteriaDisplayMixin
1,CriterionMixin
1,CurrencyTemplateMixin
1,CurrentlySelectedExpansionInfoFrameMixin
1,CustomBindingButtonMixin
1,CustomBindingHandlerMixin
1,CustomGossipFrameBaseGridMixin
1,CustomGossipFrameBaseMixin
1,CustomGossipManagerMixin
1,CustomGossipOptionButtonBaseMixin
1,CypherEquipmentLevelMixin
1,CypherPlayerChoiceToggleButtonMixin
1,DeathReleasePinMixin
1,DefaultAnimOutMixin
1,DefaultScaleFrameMixin
1,DefaultStoreCardMagnifierMixin
1,DeveloperConsoleAutoCompleteMixin
1,DeveloperConsoleMixin
1,DialogHeaderMixin
1,DigSitePinMixin
1,DisabledTooltipButtonMixin
1,DressUpModelFrameBaseMixin
1,DressUpModelFrameCancelButtonMixin
1,DressUpModelFrameCloseButtonMixin
1,DressUpModelFrameMaximizeMinimizeMixin
1,DressUpModelFrameResetButtonMixin
1,DressUpOutfitDetailsPanelMixin
1,DropDownControlMixin
1,DropDownToggleButtonMixin
1,DungeonEntrancePinMixin
1,DungeonScoreInfoMixin
1,EJButtonMixin
1,EJMicroButtonMixin
1,EffectFactoryMixin
1,EnableMouseoverCastCheckboxMixin
1,EncounterJournalLinkButtonMixin
1,EncounterJournalScrollBarMixin
1,EnumDropDownControlMixin
1,EventButtonMixin
1,EventEditBoxMixin
1,EventFrameMixin
1,EventToastAnimationsMixin
1,EventToastChallengeModeToastMixin
1,EventToastHideButtonMixin
1,EventToastManagerFrameMixin
1,EventToastManagerMixin
1,EventToastManagerNormalBlockTextMixin
1,EventToastManagerNormalMixin
1,EventToastManagerNormalSingleLineMixin
1,EventToastManagerNormalTitleAndSubtitleMixin
1,EventToastManagerSideDisplayMixin
1,EventToastScenarioBaseToastMixin
1,EventToastScenarioExpandToastMixin
1,EventToastScenarioToastMixin
1,EventToastWithIconBaseMixin
1,EventToastWithIconLargeTextMixin
1,EventToastWithIconNormalMixin
1,EventToastWithIconWithRarityMixin
1,EventTraceButtonBehaviorMixin
1,EventTraceLogMessageButtonMixin
1,EventTracePanelMixin
1,EventTraceScrollBoxButtonMixin
1,ExpansionTrialDialogMixin
1,ExtraAbilityContainerMixin
1,FadeToBlackMixin
1,FlagsMixin
1,FlightMapMixin
1,FlightMap_AreaPOIPinMixin
1,FlightMap_AreaPOIProviderMixin
1,FlightMap_QuestDataProviderMixin
1,FlightMap_QuestPinMixin
1,FlightMap_VignetteDataProviderMixin
1,FlightMap_VignettePinMixin
1,FlightMap_ZoneSummaryDataProvider
1,FlightPointPinMixin
1,FogOfWarFrameMixin
1,FogOfWarPinMixin
1,FriendsBroadcastFrameMixin
1,FriendsFrameTabMixin
1,FriendsFriendsButtonMixin
1,FriendsFriendsFrameMixin
1,FriendsTabHeaderMixin
1,FriendsTabMixin
1,FullResourcePulse
1,FullStoreCardMixin
1,FunctionThrottleMixin
1,GarrisonAbilitiesFrameMixin
1,GarrisonFollowerCombatAllySpellMixin
1,GarrisonFollowerEquipmentMixin
1,GarrisonFollowerMission
1,GarrisonLandingPageMixin
1,GarrisonLandingPageShipyardFollowerMixin
1,GarrisonLandingShipFollowerList
1,GarrisonMissionComplete
1,GarrisonMissionCompleteModelClusterMixin
1,GarrisonMissionFollowerDurabilityMixin
1,GarrisonMissionFollowerOrCategoryListButtonMixin
1,GarrisonMissionPageCostWithTooltipMixin
1,GarrisonMissionPageMixin
1,GarrisonPlotPinMixin
1,GarrisonShipyardFollowerList
1,GarrisonShipyardFollowerTabMixin
1,GarrisonShipyardMission
1,GarrisonShipyardMissionComplete
1,GarrisonShipyardMissionListMixin
1,GarrisonTalentButtonAnimationMixin
1,GarrisonTalentButtonMixin
1,GlowEmitterMixin
1,GossipPinMixin
1,GossipTitleButtonMixin
1,GridLayoutManagerMixin
1,GridLayoutRegionEntryMixin
1,GridLayoutSectionGroupMixin
1,GridLayoutSectionMixin
1,GridListElementMixin
1,GridListMixin
1,GroupMembersPinMixin
1,GuideFrameMixin
1,GuildAchievementPointDisplayMixin
1,GuildBankFrameDepositButtonMixin
1,GuildBankFrameTabMixin
1,GuildBankFrameWithdrawButtonMixin
1,GuildBankItemButtonMixin
1,GuildBankPopupButtonMixin
1,GuildBankPopupCancelButtonMixin
1,GuildBankPopupEditBoxMixin
1,GuildBankPopupFrameMixin
1,GuildBankPopupOkayButtonMixin
1,GuildBankTabButtonMixin
1,GuildBankTabMixin
1,GuildMemberListDropDownMenuMixin
1,HeirloomsMixin
1,HelpFrameMixin
1,HorizontalFullStoreCardMixin
1,HorizontalFullStoreCardWithNydusLinkMixin
1,HorizontalLargeStoreCardMixin
1,HorizontalLargeStoreCardWithBuyButtonMixin
1,HorizontalLayoutMixin
1,HybridMinimapMixin
1,IconButtonMixin
1,IconIntroFlyinAnimMixin
1,IconIntroTrackerMixin
1,IgnoreListButtonMixin
1,InactiveCurrencyCheckBoxMixin
1,IndexRangeDataProviderMixin
1,InsanityPowerBar
1,InspectPvpTalentSlotMixin
1,InterpolatorMixin
1,InvasionPinMixin
1,IslandsPartyPoseMixin
1,IslandsQueueFrameDifficultyMixin
1,IslandsQueueFrameMixin
1,IslandsQueueWeeklyQuestMixin
1,IslandsQueueWeeklyQuestRewardMixin
1,ItemAlertFrameMixin
1,ItemInteractionActionButtonMixin
1,ItemInteractionItemConversionFrameMixin
1,ItemInteractionItemConversionInputSlotMixin
1,ItemInteractionItemConversionOutputSlotMixin
1,ItemInteractionItemSlotMixin
1,ItemInteractionMixin
1,ItemRefTooltipMixin
1,ItemUpgradeButtonMixin
1,ItemUpgradeItemInfoMixin
1,ItemUpgradeMixin
1,ItemUpgradePreviewMixin
1,ItemUpgradeSlotMixin
1,KeyBindingButtonMixin
1,KeyBindingFrameBindingTemplateMixin
1,KeyBindingFrameMixin
1,KeyBindingFrameScrollFrameMixin
1,KeyCommand
1,KeybindingsCancelButtonMixin
1,KeybindingsCategoryListButtonMixin
1,KeybindingsCharacterSpecificButtonMixin
1,KeybindingsClickBindingsButtonMixin
1,KeybindingsDefaultsButtonMixin
1,KeybindingsOkayButtonMixin
1,KeybindingsUnbindButtonMixin
1,KioskFrameMixin
1,KioskSessionFinishedDialogMixin
1,LFDMicroButtonMixin
1,LFGApplicationBrowseGroupsButtonMixin
1,LFGAuthenticatorMessagingMixin
1,LFGEditBoxMixin
1,LFGListCreateGroupDisabledStateButtonMixin
1,LFGListCreationDescriptionMixin
1,LFGListLockButtonMixin
1,LFGListSearchBackButtonMixin
1,LFGListSearchBackToGroupButtonMixin
1,LandingPageSoulbindPanelMixin
1,LargeMoneyInputBoxMixin
1,LargeMoneyInputFrameMixin
1,LargeProductCardBuyButtonMixin
1,LinearizedTreeListDataProviderMixin
1,LoadingSpinnerMixin
1,LookingForDropdownMixin
1,LoopingSoundEffectMixin
1,LootItemExtendedMixin
1,LootJournalClassDropDownButtonMixin
1,LootJournalMixin
1,LootJournalRuneforgePowerFilterDropDownButtonMixin
1,LowHealthFrameMixin
1,MacMicrophoneAccessWarningMixin
1,MagePowerBar
1,MainMenuBarMixin
1,MainMenuMicroButtonMixin
1,ManagedLayoutFrameMixin
1,ManagedScrollBarVisibilityBehaviorMixin
1,MapCanvasPinFrameLevelsManagerMixin
1,MapExplorationPinMixin
1,MapHighlightPinMixin
1,MapIndicatorQuestPinMixin
1,MapLinkPinMixin
1,MapPinSupertrackHighlightMixin
1,MawBuffMixin
1,MawBuffsContainerMixin
1,MawBuffsListMixin
1,MaximizeMinimizeButtonFrameMixin
1,MediumStoreCardMixin
1,MediumStoreCardWithBuyButtonMixin
1,ModelControlFrameMixin
1,ModelControlPanButtonMixin
1,ModelControlResetButtonMixin
1,ModelControlZoomButtonMixin
1,ModelPanningFrameMixin
1,ModelSceneControlFrameMixin
1,ModelSceneResetButtonMixin
1,ModelSceneZoomButtonMixin
1,ModelScenelRotateButtonMixin
1,ModifyOrbitCameraButtonMixin
1,MoneyDenominationDisplayMixin
1,MountEquipmentButtonMixin
1,MouseoverCastKeyDropDownMixin
1,MultisellProgressFrameMixin
1,NPE_TutorialKeyboardMouseFrameMixin
1,NPE_TutorialMainFrameMixin
1,NPE_TutorialSingleKeyMixin
1,NPE_TutorialWalkMixin
1,NamePlateBorderTemplateMixin
1,NamePlateClassificationFrameMixin
1,NameplateBuffButtonTemplateMixin
1,NewCosmeticAlertFrameMixin
1,NewFeatureLabelMixin
1,NewPvpSeasonMixin
1,NewRuneforgePowerAlertFrameMixin
1,NewToyAlertFrameMixin
1,NoCameraControlModelSceneMixin
1,NumericInputSpinnerMixin
1,ObjectiveTrackerHeaderMixin
1,ObjectiveTrackerMinimizeButtonMixin
1,ObjectiveTrackerUIWidgetBlockMixin
1,ObjectiveTrackerUIWidgetContainerMixin
1,ObliterumForgeItemSlotMixin
1,ObliterumForgeMixin
1,OptionalReagentButtonMixin
1,OptionalReagentListCloseButtonMixin
1,OptionalReagentListHideUnownedButtonMixin
1,OptionalReagentListLineMixin
1,OptionalReagentListMixin
1,OrderHallClassSpecCategory
1,OrderHallFollowerMissionPageMixin
1,OrderHallMission
1,OrderHallMissionAdventureMapMixin
1,OrderHallMissionComplete
1,OrderHallMissionListMixin
1,OrderHallMissionPageEnemyMixin
1,OrderHallTalentFrameMixin
1,OribosScrollBarButtonScriptsMixin
1,PVPAchievementRewardMixin
1,PVPCasualActivityButtonMixin
1,PVPCellClassMixin
1,PVPCellHonorLevelMixin
1,PVPCellStatMixin
1,PVPCellStringMixin
1,PVPConquestBarMixin
1,PVPHeaderIconMixin
1,PVPHeaderMixin
1,PVPHeaderStringMixin
1,PVPHonorRewardArtifactPowerMixin
1,PVPHonorRewardCodeMixin
1,PVPHonorRewardMixin
1,PVPLootMixin
1,PVPMatchResultsCurrencyRewardMixin
1,PVPMatchResultsMixin
1,PVPMatchResultsRatingMixin
1,PVPMatchScoreboardMixin
1,PVPNewRatingMixin
1,PVPQuestRewardMixin
1,PVPRatedTierMixin
1,PVPReadyPopupMixin
1,PVPRowMixin
1,PVPSoloShuffleCellNameMixin
1,PVPSoloShuffleCellStatMixin
1,PVPSpecialEventButtonMixin
1,PVPSpecialEventLabelMixin
1,PVPUIHonorInsetMixin
1,PVPUIHonorLevelDisplayMixin
1,PVPWeeklyCasualPanelMixin
1,PVPWeeklyChestMixin
1,PVPWeeklyRatedPanelMixin
1,PagedListControlButtonMixin
1,PagedListControlMixin
1,PagedListMixin
1,PanelDragBarMixin
1,PanelResizeButtonMixin
1,PanningModelSceneMixin
1,PaperDollItemSlotButtonMixin
1,PartyPoseMixin
1,PartyPoseRewardsMixin
1,PlayerChoiceBaseOptionAlignedSectionMixin
1,PlayerChoiceBaseOptionButtonTemplateMixin
1,PlayerChoiceBaseOptionButtonsContainerMixin
1,PlayerChoiceBaseOptionCurrencyContainerRewardMixin
1,PlayerChoiceBaseOptionCurrencyRewardMixin
1,PlayerChoiceBaseOptionItemRewardMixin
1,PlayerChoiceBaseOptionReputationRewardMixin
1,PlayerChoiceBaseOptionRewardsMixin
1,PlayerChoiceBaseOptionTextTemplateMixin
1,PlayerChoiceCovenantChoiceOptionTemplateMixin
1,PlayerChoiceCovenantChoicePreviewButtonMixin
1,PlayerChoiceCypherOptionTemplateMixin
1,PlayerChoiceFrameMixin
1,PlayerChoiceNormalOptionTemplateMixin
1,PlayerChoicePowerChoiceTemplateMixin
1,PlayerChoiceRerollButtonMixin
1,PlayerChoiceTimeRemainingMixin
1,PlayerChoiceToggleButtonMixin
1,PlayerReportFrameBaseMixin
1,PlayerReportFrameMixin
1,PortraitFrameMixin
1,PowerDependencyLineMixin
1,PredictedSettingBaseMixin
1,PredictedSettingMixin
1,PredictedToggleMixin
1,ProductCardBuyButtonMixin
1,PropertyBindingMixin
1,PropertyButtonMixin
1,PropertyFontStringMixin
1,PropertySliderMixin
1,PvpTalentExpandingButtonMixin
1,PvpTalentFrameMixin
1,PvpTalentListMixin
1,PvpTalentWarmodeButtonMixin
1,QuestBlobPinMixin
1,QuestHeaderMixin
1,QuestLogMicroButtonMixin
1,QuestPOIDisplayLayerMixin
1,QuestSessionCheckConvertToRaidDialogMixin
1,QuestSessionCheckLeavePartyDialogMixin
1,QuestSessionCheckStartDialogMixin
1,QuestSessionCheckStopDialogMixin
1,QuestSessionDialogBodyMixin
1,QuestSessionDialogButtonMixin
1,QuestSessionDialogMinimizeButtonMixin
1,QuestSessionDialogMixin
1,QuestSessionDialogTitleMixin
1,QuestSessionManagerMixin
1,QuestSessionMemberMixin
1,QuestSessionStartDialogMixin
1,QuickJoinButtonMixin
1,QuickJoinEntriesMixin
1,QuickJoinEntryMixin
1,QuickJoinMixin
1,QuickJoinRoleSelectionMixin
1,QuickJoinToastGroupMixin
1,QuickJoinToastMixin
1,QuickJoinToastThrottleMixin
1,QuickKeybindButtonMixin
1,QuickKeybindFrameMixin
1,RadioButtonGroupMixin
1,RecruitAFriendClaimOrViewRewardButtonMixin
1,RecruitAFriendDropDownMixin
1,RecruitAFriendFrameMixin
1,RecruitAFriendGenerateOrCopyLinkButtonMixin
1,RecruitAFriendRecruitmentButtonMixin
1,RecruitAFriendRecruitmentFrameMixin
1,RecruitAFriendRewardButtonMixin
1,RecruitAFriendRewardButtonWithCheckMixin
1,RecruitAFriendRewardButtonWithFanfareMixin
1,RecruitAFriendRewardMixin
1,RecruitAFriendRewardsFrameMixin
1,RecruitActivityButtonMixin
1,RecruitActivityButtonModelMixin
1,RecruitListButtonMixin
1,RectangleMixin
1,ReinforceInfoFrameMixin
1,ReinforceProgressFrameMixin
1,ResizeCheckButtonMixin
1,ResizeLayoutMixin
1,RoleSelectionMixin
1,RoleSelectionRoleMixin
1,RosterMemberMuteButtonMixin
1,RosterSelfDeafenButtonMixin
1,RosterSelfMuteButtonMixin
1,RosterToggleButtonMixin
1,RuneButtonMixin
1,RuneforgeCovenantSigilMixin
1,RuneforgeCraftItemButtonMixin
1,RuneforgeCraftingFrameMixin
1,RuneforgeCreateFrameMixin
1,RuneforgeEffectOwnerMixin
1,RuneforgeFrameMixin
1,RuneforgeItemSlotMixin
1,RuneforgeLegendaryPowerLootJournalMixin
1,RuneforgeModifierFrameMixin
1,RuneforgeModifierSelectionMixin
1,RuneforgeModifierSelectorFrameMixin
1,RuneforgeModifierSlotMixin
1,RuneforgePowerButtonMixin
1,RuneforgePowerFrameMixin
1,RuneforgePowerListMixin
1,RuneforgePowerMixin
1,RuneforgePowerSlotMixin
1,RuneforgeSystemMixin
1,RuneforgeUpgradeItemSlotMixin
1,RunforgeFrameTooltipMixin
1,ScenarioBlobPinMixin
1,ScenarioChallengeDeathCountMixin
1,ScenarioPinMixin
1,ScrappingMachineItemSlotMixin
1,ScrappingMachineMixin
1,ScriptAnimatedEffectControllerMixin
1,ScriptAnimatedModelSceneMixin
1,ScriptErrorsFrameMixin
1,ScrollBarMixin
1,ScrollBoxBaseMixin
1,ScrollBoxGridPaddingMixin
1,ScrollBoxLinearBaseViewMixin
1,ScrollBoxLinearPaddingMixin
1,ScrollBoxLinearViewMixin
1,ScrollBoxListGridViewMixin
1,ScrollBoxListLinearViewMixin
1,ScrollBoxListTreeListViewMixin
1,ScrollBoxListViewMixin
1,ScrollBoxMixin
1,ScrollBoxPaddingMixin
1,ScrollBoxViewMixin
1,ScrollControllerMixin
1,ScrollDirectionMixin
1,ScrollListLineMixin
1,ScrollingEditBoxMixin
1,ScrollingFontMixin
1,SecureActionButtonMixin
1,SelectableButtonMixin
1,SelectableGraveyardPinMixin
1,SelectionBehaviorMixin
1,SelectionPopoutButtonMixin
1,SelectionPopoutEntryMixin
1,SelectionPopoutMixin
1,SelectionPopoutWithButtonsAndLabelMixin
1,SelectionPopoutWithButtonsMixin
1,SettingsDropdownMixin
1,SharedEditBoxMixin
1,SideDressUpModelFrameFrameMixin
1,SimpleCheckoutMixin
1,SliderWithButtonsAndLabelMixin
1,SmallStoreCardMixin
1,SocialToastCloseButtonMixin
1,SocialToastMixin
1,SoulbindConduitMixin
1,SoulbindConduitNodeMixin
1,SoulbindSelectGroupMixin
1,SoulbindTraitNodeMixin
1,SoulbindTreeMixin
1,SoulbindTreeNodeMixin
1,SoulbindViewerMixin
1,SoulbindsSelectButtonMixin
1,SparseGridMixin
1,SpellbookMicroButtonMixin
1,SplashFeatureFrameMixin
1,SplashFrameMixin
1,SplashRightFeatureFrameMixin
1,StackSplitMixin
1,StartQuestButtonMixin
1,StaticPopupItemFrameMixin
1,StoreBulletPointMixin
1,StoreButtonMixin
1,StoreBuyButtonMixin
1,StoreCardMixin
1,StoreLayoutGridMixin
1,StoreMicroButtonMixin
1,StoreNydusLinkButtonMixin
1,StoreTooltipBackdropMixin
1,SubscriptionInterstitialCloseButtonMixin
1,SubscriptionInterstitialFrameMixin
1,SubscriptionInterstitialSubscribeButtonBaseMixin
1,SubscriptionInterstitialSubscribeButtonMixin
1,SubscriptionInterstitialUpgradeButtonMixin
1,SuperTrackedFrameMixin
1,SupportColorationAnimatorMixin
1,SuppressedMountEquipmentButtonMixin
1,TabGroupMixin
1,TabardModelControlRotateButtonMixin
1,TabardModelFrameMixin
1,TableAttributeLineEditableMixin
1,TableAttributeLineFixedValueMixin
1,TableAttributeLineMixin
1,TableAttributeLineReferenceMixin
1,TableAttributeLineTitleMixin
1,TableBuilderCellMixin
1,TableBuilderColumnMixin
1,TableBuilderElementMixin
1,TableBuilderMixin
1,TableBuilderRowMixin
1,TableInspectAnchorLineMixin
1,TableInspectorDataProviderMixin
1,TemplatedListElementMixin
1,TextToSpeechButtonMixin
1,TextToSpeechCharacterSpecificButtonMixin
1,ThreatObjectivePinMixin
1,ThreeSliceButtonMixin
1,TorghastGemsAnimationMixin
1,TorghastLevelPickerFrameMixin
1,TorghastLevelPickerOpenPortalButtonMixin
1,TorghastLevelPickerOptionButtonMixin
1,TorghastLevelPickerRewardCircleMixin
1,TorghastPagingContainerMixin
1,TorghastPlayerChoiceToggleButtonMixin
1,TradeSkillRecipeButtonMixin
1,TradeSkillRecipeLevelBarMixin
1,TradeSkillRecipeLevelSelectorMixin
1,TradeSkillUIMixin
1,TransformTreeBaseNodeMixin
1,TransformTreeFrameNodePoolMixin
1,TransformTreeMixin
1,TransmogAndMountDressupFrameMixin
1,TransmogFrameMixin
1,TransmogPendingInfoMixin
1,TransmogToggleSecondaryAppearanceCheckboxMixin
1,TreeListDataProviderMixin
1,TruncatedTooltipFontStringWrapperMixin
1,UIErrorsMixin
1,UIFrameManagerMixin
1,UIFrameManager_ManagedFrameMixin
1,UIPanelButtonNoTooltipResizeToFitMixin
1,UIWidgetBaseCircularStatusBarTemplateMixin
1,UIWidgetBaseControlZoneTemplateMixin
1,UIWidgetBaseCurrencyTemplateMixin
1,UIWidgetBaseEnabledFrameMixin
1,UIWidgetBaseResourceTemplateMixin
1,UIWidgetBaseScenarioHeaderTemplateMixin
1,UIWidgetBaseSpellTemplateMixin
1,UIWidgetBaseStateIconTemplateMixin
1,UIWidgetBaseStatusBarPartitionTemplateMixin
1,UIWidgetBaseStatusBarTemplateMixin
1,UIWidgetBaseTemplateMixin
1,UIWidgetBaseTextMixin
1,UIWidgetBaseTextureAndTextTemplateMixin
1,UIWidgetBelowMinimapContainerMixin
1,UIWidgetContainerMixin
1,UIWidgetHorizontalWidgetContainerMixin
1,UIWidgetManagerMixin
1,UIWidgetPowerBarContainerMixin
1,UIWidgetTemplateBulletTextListLineMixin
1,UIWidgetTemplateBulletTextListMixin
1,UIWidgetTemplateCaptureZoneMixin
1,UIWidgetTemplateDiscreteProgressStepsMixin
1,UIWidgetTemplateDoubleIconAndTextMixin
1,UIWidgetTemplateDoubleStateIconRowMixin
1,UIWidgetTemplateDoubleStatusBarMixin
1,UIWidgetTemplateHorizontalCurrenciesMixin
1,UIWidgetTemplateIconAndTextMixin
1,UIWidgetTemplateIconTextAndBackgroundMixin
1,UIWidgetTemplateIconTextAndCurrenciesMixin
1,UIWidgetTemplateScenarioHeaderTimerMixin
1,UIWidgetTemplateSpacerMixin
1,UIWidgetTemplateSpellDisplayMixin
1,UIWidgetTemplateStackedResourceTrackerMixin
1,UIWidgetTemplateTextColumnRowColumnMixin
1,UIWidgetTemplateTextColumnRowMixin
1,UIWidgetTemplateTextureAndTextMixin
1,UIWidgetTemplateTextureAndTextRowMixin
1,UIWidgetTemplateTextureWithAnimationMixin
1,UIWidgetTemplateTooltipFrameMixin
1,UIWidgetTemplateUnitPowerBarMixin
1,UIWidgetTemplateZoneControlMixin
1,UIWidgetTopCenterContainerMixin
1,UnitPopupSliderMixin
1,UnitPopupToggleDeafenMixin
1,UnitPopupToggleMuteMixin
1,UnitPopupToggleUserMuteMixin
1,UnitPopupVoiceLevelsMixin
1,UnitPopupVoiceMemberInfoMixin
1,UnitPopupVoiceMicrophoneVolumeSliderMixin
1,UnitPopupVoiceSpeakerVolumeSliderMixin
1,UnitPopupVoiceToggleButtonMixin
1,UnitPopupVoiceUserVolumeSliderMixin
1,UnitPositionFrameMixin
1,Vector3DMixin
1,VehiclePinMixin
1,VerticalFullStoreCardMixin
1,VerticalLargePageableStoreCardWithBuyButtonMixin
1,VerticalLargeStoreCardMixin
1,VerticalLargeStoreCardWithBuyButtonMixin
1,VerticalLayoutMixin
1,VisibleWhilePlayingAnimGroupMixin
1,VoiceActivityManagerMixin
1,VoiceActivityNotificationBaseMixin
1,VoiceActivityNotificationMixin
1,VoiceActivityVolumeMixin
1,VoiceChatActivateChannelPromptButtonMixin
1,VoiceChatActivateChannelPromptMixin
1,VoiceChatChannelActivatedNotificationMixin
1,VoiceChatDotsMixin
1,VoiceChatHeadsetButtonMixin
1,VoiceChatHeadsetMixin
1,VoiceChatTranscriptionButtonMixin
1,VoiceChatTranscriptionMixin
1,VoiceToggleButtonMixin
1,VoiceToggleButtonOnlyVisibleWhenLoggedInMixin
1,VoiceToggleDeafenMixin
1,VoiceToggleMuteMixin
1,WardrobeCollectionFrameMixin
1,WardrobeCollectionFrameSearchBoxMixin
1,WardrobeCollectionFrameSearchBoxProgressMixin
1,WardrobeItemsCollectionMixin
1,WardrobeItemsCollectionSlotButtonMixin
1,WardrobeItemsModelMixin
1,WardrobeOutfitButtonMixin
1,WardrobeOutfitCheckAppearancesMixin
1,WardrobeOutfitEditFrameMixin
1,WardrobeSetsCollectionScrollFrameMixin
1,WardrobeSetsDetailsModelMixin
1,WardrobeSetsTransmogMixin
1,WardrobeSetsTransmogModelMixin
1,WarfrontsPartyPoseMixin
1,WarlockPowerBar
1,WarlockShardMixin
1,WarmodeIncentiveMixin
1,WeeklyRewardActivityItemMixin
1,WeeklyRewardConfirmSelectionMixin
1,WeeklyRewardMixin
1,WeeklyRewardOverlayMixin
1,WeeklyRewardsActivityMixin
1,WeeklyRewardsConcessionMixin
1,WeeklyRewardsMixin
1,WhoListButtonMixin
1,WoWTokenSellFrameMixin
1,WorldMapBountyBoardMixin
1,WorldMapFloorNavigationFrameMixin
1,WorldMapSidePanelToggleMixin
1,WorldMapThreatEyeMixin
1,WorldMapThreatFrameMixin
1,WorldMapZoneTimerMixin
1,WorldMap_DebugDataProviderMixin
1,WorldMap_DebugObjectPinMixin
1,WorldMap_DebugPortLocPinMixin
1,WorldMap_EventOverlayPinMixin
1,WorldQuestSpellEffectPinMixin
1,WowScrollBarStepperButtonScriptsMixin
1,WowScrollBarThumbButtonScriptsMixin
1,WowTrimScrollBarMixin
1,WrappedAndUnwrappedModelSceneMixin
1,WrappedModelSceneMixin
1,ZoneAbilityFrameMixin
1,ZoneAbilityFrameSpellButtonMixin
1,ZoneLabelDataProviderMixin
1,ZoneSupportMissionPageMixin
0,BaseLayoutMixin
0,CameraBaseMixin
0,CatmullRomSplineMixin
0,ClassResourceOverlay
0,ClassResourceOverlayParent
0,DemonHunterResourceOverlay
0,FixedSizeFramePoolCollectionMixin
0,FontStringPoolCollectionMixin
0,FramePoolCollectionMixin
0,MapBridgeDataProviderMixin
0,MaskPoolMixin
0,ModelSceneControlButtonMixin
0,PaladinResourceOverlay
0,RogueResourceOverlay
0,TextToSpeechCommandsMixin
0,TreeListNodeMixin
