Count,Name
2733,UIDropDownMenuTemplate
2582,InputBoxTemplate
2380,UIPanelScrollFrameTemplate
2344,UIPanelCloseButton
2300,GameFontNormal
2264,GameFontHighlight
2039,UIPanelButtonTemplate
1967,OptionsFrameTabButtonTemplate
1959,OptionsListButtonTemplate
1947,GameFontHighlightLarge
1768,GameTooltipTemplate
1410,ChatFontNormal
1345,GameFontHighlightSmall
1181,UIPanelScrollBarTemplate
856,OptionsSliderTemplate
783,SecureActionButtonTemplate
769,UICheckButtonTemplate
765,GameFontNormalSmall
746,BackdropTemplate
597,DialogBorderDarkTemplate
596,DialogBorderOpaqueTemplate
579,FauxScrollFrameTemplate
479,CooldownFrameTemplate
468,GameFontNormalLarge
466,InterfaceOptionsCheckButtonTemplate
446,ChatConfigCheckButtonTemplate
441,OptionsCheckButtonTemplate
413,GameTooltipText
400,GameTooltipHeaderText
381,OptionsButtonTemplate
290,GameMenuButtonTemplate
282,GameFontHighlightSmallLeft
254,GameFontNormalSmallLeft
238,GameFontDisableSmallLeft
225,SecureHandlerStateTemplate
213,ActionButtonTemplate
204,CharacterFrameTabButtonTemplate
195,NumberFontNormal
167,SecureUnitButtonTemplate
162,HybridScrollFrameTemplate
154,ButtonFrameTemplate
154,UIMenuButtonStretchTemplate
148,BasicFrameTemplateWithInset
145,UIPanelDialogTemplate
136,GameFontWhite
132,GameFontDisableSmall
131,InsetFrameTemplate
127,SearchBoxTemplate
121,GameFontHighlightLeft
119,UIRadioButtonTemplate
116,AutoCompleteEditBoxTemplate
113,SecureHandlerClickTemplate
111,OptionsBaseCheckButtonTemplate
102,GameFontDisable
98,HybridScrollBarTemplate
96,UIPanelScrollDownButtonTemplate
91,BasicFrameTemplate
91,SecureHandlerEnterLeaveTemplate
90,UIPanelScrollUpButtonTemplate
84,SecureHandlerBaseTemplate
79,GameTooltipTextSmall
79,SystemFont_Shadow_Med1
74,SystemFont_Tiny
73,GameFontHighlightSmallOutline
73,SystemFont_Outline_Small
73,UIPanelButtonHighlightTexture
72,SecureFrameTemplate
72,SecureHandlerAttributeTemplate
72,SystemFont_Small
71,GlowBoxTemplate
70,NumberFont_Outline_Med
69,SmallMoneyFrameTemplate
69,TooltipBorderedFrameTemplate
66,ChatFontSmall
66,DialogBoxFrame
65,GameFontNormalLeft
65,NumberFont_Outline_Large
65,SecureHandlerShowHideTemplate
65,SystemFont_Shadow_Small
65,TextStatusBar
65,Tooltip_Small
64,NumberFontNormalSmall
63,GameFontNormalHuge
63,MagicButtonTemplate
63,NumberFont_Outline_Huge
63,NumberFont_Shadow_Med
63,QuestFont_Large
63,TabButtonTemplate
62,MainHelpPlateButton
62,NumberFont_Shadow_Small
61,InsetFrameTemplate3
61,SystemFont_Med1
60,SystemFont_Shadow_Large
58,SystemFont_Shadow_Med2
58,Tooltip_Med
57,AutoCastShineTemplate
57,SystemFont_Large
57,SystemFont_Shadow_Med3
56,QuestFont_Huge
55,GameTooltipHeader
55,InputScrollFrameTemplate
54,FriendsFont_UserText
54,QuestFont_Super_Huge
53,FriendsFont_Small
53,PortraitFrameTemplate
52,FriendsFont_Large
52,FriendsFont_Normal
52,SystemFont_Med3
52,SystemFont_Outline
52,UIPanelButtonGrayTemplate
51,QuestFont_Enormous
51,SystemFont_OutlineThick_Huge2
51,TooltipBackdropTemplate
50,ActionBarButtonSpellActivationAlert
50,ChatBubbleFont
50,CoreAbilityFont
50,ListScrollFrameTemplate
50,QuestFont_Shadow_Small
50,SystemFont_Shadow_Huge1
49,MailFont_Large
49,SpellFont_Small
49,SystemFont_Huge1
48,QuestFont
48,ReputationDetailFont
48,SystemFont_OutlineThick_WTF
47,AchievementFont_Small
47,InvoiceFont_Med
47,InvoiceFont_Small
47,SystemFont_OutlineThick_Huge4
46,SystemFont_Shadow_Huge3
46,TextStatusBarText
45,GameFontHighlightMedium
45,GameFont_Gigantic
45,SystemFont_Huge1_Outline
45,SystemFont_Med2
45,UIPanelCloseButtonNoScripts
44,NumberFontNormalHuge
44,NumberFont_OutlineThick_Mono_Small
44,OptionsBoxTemplate
43,SpellBookSkillLineTabTemplate
42,SecureAuraHeaderTemplate
41,NumberFont_Normal_Med
41,SystemFont_InverseShadow_Small
40,Game18Font
40,GlowBoxArrowTemplate
39,ActionBarButtonTemplate
39,DestinyFontHuge
39,Fancy22Font
38,Game15Font_o1
38,Game24Font
38,GameFontGreenSmall
38,GameFontRed
38,HybridScrollBarTrimTemplate
38,QuestFont_Shadow_Huge
38,SystemFont_Shadow_Large2
37,ModelWithControlsTemplate
37,QuestFontNormalSmall
37,QuestTitleFont
37,SystemFont_Shadow_Large_Outline
36,Fancy16Font
36,Fancy24Font
36,SystemFont_Small2
36,UIPanelScrollFrameCodeTemplate
35,BossEmoteNormalHuge
35,Game13FontShadow
35,NumberFontNormalSmallGray
35,UIPanelScrollBarButton
34,Game30Font
34,SendMailRadioButtonTemplate
34,StaticPopupButtonTemplate
34,SystemFont_NamePlate
33,GameFontGreen
33,GameFontNormalMed3
33,UIPanelSquareButton
32,Game12Font
32,Game12Font_o1
32,HelpPlateArrowDOWN
32,OptionsSmallCheckButtonTemplate
32,SystemFont_Shadow_Small2
31,DestinyFontLarge
31,HelpPlateArrowUP
31,SystemFont_Shadow_Med1_Outline
30,Game13Font
30,Game13Font_o1
30,NumberFont_GameNormal
29,CombatTextFont
29,ContainerFrameItemButtonTemplate
29,ErrorFont
29,UIPanelButtonDisabledTexture
29,UIPanelInfoButton
29,WorldMapTextFont
28,Game11Font_o1
28,Game16Font
28,SystemFont_Shadow_Huge2
28,TranslucentFrameTemplate
27,Fancy14Font
27,Game32Font
27,HelpPlateArrow-GlowDOWN
27,SubSpellFont
27,SystemFont_LargeNamePlate
27,SystemFont_NamePlateFixed
27,UIDropDownMenuButtonTemplate
27,WhiteNormalNumberFont
26,EventFrame
26,Fancy20Font
26,Game20Font
26,GameFontNormalMed2
26,HelpPlateArrow-GlowUP
26,InvoiceTextFontNormal
26,SystemFont_LargeNamePlateFixed
25,!UI-Frame-InnerLeftTile
25,BankFramePurchaseButton
25,Fancy18Font
25,Game27Font
25,InterfaceOptionsBaseCheckButtonTemplate
25,NumberFontNormalLarge
25,QuestFont_Super_Huge_Outline
25,SplashHeaderFont
25,UI-Frame-InnerBotLeftCorner
24,!UI-Frame-InnerRightTile
24,Fancy32Font
24,InsecureActionButtonTemplate
24,LoadingSpinnerTemplate
24,SecureHandlerMouseUpDownTemplate
24,SystemFont_Huge2
24,UIPanelButtonDownTexture
24,UIPanelButtonUpTexture
23,BagSearchBoxTemplate
23,Game15Font
23,GameFontWhiteSmall
23,NumberFont_Small
23,UI-Frame-InnerBotRight
23,_UI-Frame-InnerBotTile
22,MoneyInputFrameTemplate
22,_UI-Frame-TopTileStreaks
21,Fancy27Font
21,Game11Font
21,Game48FontShadow
21,GameFontHighlightHuge
21,GameFontNormalLeftGrey
21,GameFontRedSmall
21,HorizontalSliderTemplate
21,MinimalScrollFrameTemplate
21,QuestTitleFontBlackShadow
21,ShoppingTooltipTemplate
21,SystemFont_Outline_WTF2
20,BankItemButtonBagTemplate
20,BaseHighlightableMapPoiPinTemplate
20,Fancy48Font
20,SubZoneTextFont
20,_UI-Frame-InnerTopTile
19,!UI-Frame-RightTile
19,BagSlotButtonTemplate
19,Fancy30Font
19,Game48Font
19,Game60Font
19,InputBoxInstructionsTemplate
19,NumberFontNormalYellow
19,PopupButtonTemplate
19,SecureGroupHeaderTemplate
19,StanceButtonTemplate
19,UI-Frame-BotCornerRight
19,UI-Frame-InnerTopLeft
19,UI-Frame-InnerTopRight
19,UIDropDownListTemplate
19,_UI-Frame-Bot
18,DialogButtonNormalText
18,FriendsFont_11
18,Game72Font
18,GameFontWhiteTiny
18,InterfaceOptionsSmallCheckButtonTemplate
18,Number12Font
17,!UI-Frame-LeftTile
17,FauxScrollFrameTemplateLight
17,Game36Font
17,GameFontNormalSmall2
17,MinimalScrollBarTemplate
17,Number11Font
17,Number12Font_o1
17,Number13Font
17,Number15Font
17,PriceFont
17,SecureHandlerDragTemplate
17,SimplePopupButtonTemplate
17,ThinBorderTemplate
17,UI-Frame-BotCornerLeft
16,DialogButtonHighlightText
16,Fancy12Font
16,GameFontNormalLarge2
16,ShadowOverlayTemplate
15,GameFontHighlightRight
15,GameFontNormalMed1
15,MainMenuBarMicroButton
15,MinimalHybridScrollBarTemplate
15,PVPInfoTextFont
15,PetActionButtonTemplate
15,QuestFont_Outline_Huge
15,SystemFont_Shadow_Outline_Huge3
15,SystemFont_WTF2
15,System_IME
14,DestinyFontMed
14,Game120Font
14,Game46Font
14,GameFontBlack
14,InsetFrameTemplate2
14,LargeItemButtonTemplate
14,MoneyFrameTemplate
14,ObjectiveFont
14,SystemFont_Tiny2
14,ThinGoldEdgeTemplate
14,UIDropDownCustomMenuEntryTemplate
14,WhoFrameColumnHeaderTemplate
13,AchievementPointsFontSmall
13,AnimatedStatusBarTemplate
13,DialogBorderTemplate
13,GameFontBlackTiny
13,GameFontNormalHuge2
13,ShadowOverlaySmallTemplate
13,SystemFont_NamePlateCastBar
13,UIPanelScrollFrameTemplate2
12,AchievementPointsFont
12,AlertFrameTemplate
12,CastingBarFrameTemplate
12,HorizontalLayoutFrame
12,InputBoxScriptTemplate
12,ModelWithZoomTemplate
12,Spellbook-EmptySlot
12,SystemFont_World
12,SystemFont_World_ThickOutline
12,TooltipBorderBackdropTemplate
11,ActionBarFlyoutButton-IconFrame
11,BaseBasicFrameTemplate
11,FriendsFrameTabTemplate
11,Game10Font_o1
11,Game42Font
11,GarrisonFollowerPortraitTemplate
11,GlowBorderTemplate
11,HelpPlateBoxHighlight
11,InvoiceTextFontSmall
11,MaximizeMinimizeButtonFrameTemplate
11,NineSlicePanelTemplate
11,Number18Font
11,OptionsFrameListTemplate
11,Talent-SingleBorder
11,TitleDragAreaTemplate
11,UIPanelScrollBarTrimTemplate
11,_UI-Frame-TitleTileBg
10,Char-BottomSlot
10,Char-LeftSlot
10,Char-RightSlot
10,CharacterStatFrameTemplate
10,ChatFrameEditBoxTemplate
10,DefaultPanelTemplate
10,GameFontHighlightOutline
10,GameFontNormalHuge3
10,GameFontNormalLeftBottom
10,HelpPlateBox
10,IconIntroTemplate
10,LootButtonTemplate
10,Spellbook-TextBackground
10,StaticPopupTemplate
10,TargetBuffFrameTemplate
10,TooltipMoneyFrameTemplate
10,UI-Frame-TopCornerRight
10,UI-Frame-TopLeftCorner
10,UIGoldBorderButtonTemplate
10,_UI-Frame-TitleTile
9,AnimatedShineTemplate
9,ClassTrainerSkillButtonTemplate
9,GameFontBlackMedium
9,GameFontDarkGraySmall
9,GameFontHighlightSmall2
9,GameFontNormalLargeLeft
9,GameFontNormalOutline
9,GarrisonAbilityCounterTemplate
9,GarrisonMissionListButtonRewardTemplate
9,HorizontalBarTemplate
9,InternalEmbeddedItemTooltipTemplate
9,ItemAnimTemplate
9,MailTextFontNormal
9,MerchantItemTemplate
9,NumericInputSpinnerTemplate
9,Spellbook-SlotFrame
9,SystemFont22_Shadow_Outline
9,TextStatusBarTextLarge
9,UIMenuTemplate
9,UnitPositionFrameTemplate
9,_UI-Frame-Top
8,AchievementAlertFrameTemplate
8,AchievementDateFont
8,AchievementDescriptionFont
8,AchievementFrameTabButtonTemplate
8,AuraButtonTemplate
8,Char-Slot-Bottom-Left
8,ChatConfigBaseCheckButtonTemplate
8,DialogButtonHighlightTexture
8,DialogHeaderTemplate
8,GameFontBlackSmall
8,GameFontDisableLarge
8,GameFontHighlightSmallRight
8,GameFontNormalLargeOutline
8,GameFontRedLarge
8,GameNormalNumberFont
8,HybridScrollBarButton
8,ItemTextFontNormal
8,NonInteractableModelSceneMixinTemplate
8,NumberFont_Shadow_Tiny
8,ObjectiveTrackerHeaderTemplate
8,QuestMapRewardsFont
8,RuneButtonIndividualTemplate
8,SecureRaidGroupHeaderTemplate
8,SharedButtonSmallTemplate
8,SystemFont_Shadow_Huge4
8,TotalAbsorbBarOverlayTemplate
8,TotalAbsorbBarTemplate
8,_UI-Frame-BtnBotTile
7,AchievementCriteriaFont
7,BankAutoSortButtonTemplate
7,BasicHybridScrollFrameTemplate
7,CampaignTooltipTemplate
7,Char-Stat-Top
7,ChatConfigSmallCheckButtonTemplate
7,CompactAuraTemplate
7,CompactBuffTemplate
7,CompactDebuffTemplate
7,ConfigCategoryButtonTemplate
7,DialogButtonNormalTexture
7,DialogButtonPushedTexture
7,GameFontHighlightExtraSmall
7,GameFontNormalLeftOrange
7,GameFontNormalLeftYellow
7,GameFontNormalRight
7,GarrisonMissionPageFollowerTemplate
7,HealAbsorbBarLeftShadowTemplate
7,HealAbsorbBarRightShadowTemplate
7,HealAbsorbBarTemplate
7,InlineHyperlinkFrameTemplate
7,KeyBindingFrameBindingButtonTemplate
7,MinimalHybridScrollFrameTemplate
7,ModelSceneMixinTemplate
7,MyHealPredictionBarTemplate
7,NamePlateFullBorderTemplate
7,NavBarTemplate
7,OtherHealPredictionBarTemplate
7,OverAbsorbGlowTemplate
7,OverHealAbsorbGlowTemplate
7,PropertySliderTemplate
7,QuestItemTemplate
7,ReagentBankItemButtonGenericTemplate
7,UI-Frame-BtnDivMiddle
7,UI-Frame-TopCornerLeft
7,UI-Frame-TopCornerRightSimple
7,WowScrollBoxList
6,AchievementCategoryTemplate
6,ActionBarFlyoutButton-ArrowUp
6,ActionBarFlyoutButton-IconShadow
6,CharacterStatFrameCategoryTemplate
6,ColumnDisplayTemplate
6,Dialog-BorderLeft
6,Dialog-BorderRight
6,Dialog-BorderTop
6,Dialog-BorderTopLeft
6,Dialog-BorderTopRight
6,Game17Font_Shadow
6,Game40Font_Shadow2
6,Game52Font_Shadow2
6,Game58Font_Shadow2
6,Game69Font_Shadow2
6,Game72Font_Shadow
6,GameFontHighlightSmallLeftTop
6,GameFontNormalGraySmall
6,GameFontNormalLeftLightGreen
6,GameFontNormalTiny
6,GreenCheckMarkTemplate
6,HelpPlateButton
6,IconIntroAnimTemplate
6,InsetFrameTemplate4
6,MasterLooterPlayerTemplate
6,ModelTemplate
6,MovieSubtitleFont
6,NameplateBuffButtonTemplate
6,NumberFontNormalRight
6,NumberFont_Shadow_Large
6,QuestFont_39
6,QuestScrollFrameTemplate
6,ResizeLayoutFrame
6,ScenarioTrackerProgressBarTemplate
6,SharedTooltipTemplate
6,SmallCastingBarFrameTemplate
6,StatusTrackingBarManagerTemplate
6,SystemFont_Shadow_Med3_Outline
6,TruncatedButtonTemplate
6,WowTrimScrollBar
6,ZoneTextFont
5,AchievementProgressBarTemplate
5,BackpackTokenTemplate
5,Char-Slot-Bottom-Right
5,Char-Stat-Minus
5,Char-Stat-Plus
5,ChatTabTemplate
5,CollectionsBackgroundTemplate
5,CombatTextFontOutline
5,Dialog-BorderBottom
5,Dialog-BorderBottomLeft
5,Dialog-BorderBottomRight
5,EtherealFrameTemplate
5,FocusFontSmall
5,Game40Font
5,GameFontHighlightLarge2
5,GameFontWhiteTiny2
5,GarrisonAbilityCounterWithCheckTemplate
5,GarrisonFollowerButtonTemplate
5,GarrisonFollowerTooltipTemplate
5,GarrisonLandingPageReportMissionTemplate
5,GarrisonMissionFollowerDurabilityFrameTemplate
5,GarrisonStandardFollowerAlertFrameTemplate
5,InterfaceOptionsListButtonTemplate
5,MacroButtonTemplate
5,MapCanvasFrameScrollContainerTemplate
5,Number16Font
5,Number18FontWhite
5,OrderHallClassSpecCategoryTemplate
5,OrderHallMissionListButtonTemplate
5,PartyDebuffFrameTemplate
5,PetStableSlotTemplate
5,PetTalent-PetIconBorder
5,PossessButtonTemplate
5,QuestFontLeft
5,QuestObjectiveItemButtonTemplate
5,ScenarioChallengeModeAffixTemplate
5,SecureHandlerMouseWheelTemplate
5,SharedButtonTemplate
5,SquareIconButtonTemplate
5,TruncatedTooltipScriptTemplate
5,UI-Frame-Portrait
5,UIPanelDynamicResizeButtonTemplate
5,VerticalLayoutFrame
5,WrappedAndUnwrappedModelScene
5,videoUnderline
4,!Talent-Inner-LeftTile
4,!Talent-Inner-RightTile
4,!Talent-PrimaryHighlight-Left
4,!Talent-PrimaryHighlight-Right
4,!TalentCover-Overlay-Left
4,!Thin-BorderLeft
4,!Thin-BorderRight
4,AchievementFrameSummaryCategoryTemplate
4,AchivementGoldBorderBackdrop
4,ArchaeologyArtifactTemplate
4,ArchaeologyRaceTemplate
4,AuctionHouseFrameDisplayModeTabTemplate
4,AutoQuestPopUpBlockTemplate
4,CalendarEventButtonTemplate
4,CalendarEventDescriptionScrollFrame
4,CapProgressBarDividerTemplate
4,CapProgressBarTemplate
4,Char-Corner-LowerLeft
4,Char-Corner-LowerRight
4,Char-Corner-UpperLeft
4,Char-Corner-UpperRight
4,Char-Inner-Bottom
4,Char-Inner-Left
4,Char-Inner-Right
4,Char-Inner-Top
4,ChatFrameTemplate
4,CombatLogFont
4,GameFontDisableHuge
4,GameFontDisableLeft
4,GameFontHighlightCenter
4,GameFontNormalLeftRed
4,GameFontNormalShadowHuge2
4,GarrisonLandingPageReportShipmentStatusTemplate
4,GarrisonLandingPageTabTemplate
4,GarrisonUITemplate
4,GoldLockIcon
4,ItemButton
4,KeyboardMouseConfirmButton
4,LFGListColumnHeaderTemplate
4,LFGListEditBoxTemplate
4,LargeQuestInfoRewardFollowerTemplate
4,LootRollButtonTemplate
4,MawBuffsContainer
4,ObjectiveTrackerLineTemplate
4,PanelResizeButtonTemplate
4,PetBattleActionButtonTemplate
4,PetTalent-SingleBorder
4,PetTalent-SingleBorder-Glow
4,PetTalent-SingleBorder-Shadow
4,PetTalent-TalentIconBorder
4,PetTalent-TreeBorder
4,PetTalent-TreeTitle-BG
4,PlayerTalentRowTemplate
4,PortraitFrameTemplateNoCloseButton
4,ProfessionStatusBarTemplate
4,QuestDifficulty_VeryDifficult
4,QuestInfoRewardItemCodeTemplate
4,QuestLogHeaderTemplate
4,SecureGroupPetHeaderTemplate
4,SecurePartyHeaderTemplate
4,SecureRaidPetHeaderTemplate
4,SelectionFrameTemplate
4,SharedPetBattleAbilityTooltipTemplate
4,SimplePanelTemplate
4,SpellBookShineTemplate
4,Spellbook-TrainSlot
4,Spellbook-TrainTextBackground
4,Spellbook-UnlearnedSlot
4,StatusTrackingBarTemplate
4,Talent-GoldMedal-Border
4,Talent-GoldMedal-Glow
4,Talent-Inner-BotLeft
4,Talent-Inner-BotRight
4,Talent-Inner-TopLeft
4,Talent-Inner-TopRight
4,Talent-PointBg
4,Talent-PointBg-Green
4,Talent-PrimaryHighlight-BottomLeft
4,Talent-PrimaryHighlight-BottomRight
4,Talent-PrimaryHighlight-TopLeft
4,Talent-PrimaryHighlight-TopRight
4,Talent-Ring
4,Talent-RingGlow
4,Talent-SingleBorder-Glow
4,Talent-SingleBorder-Shadow
4,Talent-TitleGlow-Left
4,Talent-TitleGlow-Right
4,Talent-TreeLockoutGradient
4,TalentCover-Overlay-BottomLeft
4,TalentCover-Overlay-BottomRight
4,TalentCover-Overlay-TopLeft
4,TalentCover-Overlay-TopRight
4,TalentCover-SmallIconBorder
4,TalentHeader-GoldBorder
4,TalentHeader-ParchmentBG
4,TalentHeader-PointCircle-Gold
4,TalentHeader-PointCircle-Silver
4,TalentHeader-PrimaryIconBorder
4,TalentHeader-SecondaryIconBorder
4,TargetDebuffFrameTemplate
4,Thin-BorderBottomLeft
4,Thin-BorderBottomRight
4,Thin-BorderTopLeft
4,Thin-BorderTopRight
4,UI-EJ-FilterButtonDown
4,UI-EJ-FilterButtonHighlight
4,UI-EJ-FilterButtonUp
4,UIButtonTemplate
4,UIExpandingButtonTemplate
4,UIPanelButtonNoTooltipResizeToFitTemplate
4,UIPanelButtonNoTooltipTemplate
4,UIPanelLargeSilverButton
4,UIPanelStretchableArtScrollBarTemplate
4,UIServiceButtonTemplate
4,VisibleWhilePlayingAnimGroupTemplate
4,WardrobeOutfitDropDownTemplate
4,WorldMapBountyBoardTemplate
4,WorldMap_WorldQuestPinTemplate
4,_Talent-Inner-BotTile
4,_Talent-Inner-TopTile
4,_Talent-Mastery-Background
4,_Talent-PrimaryHighlight-Bottom
4,_Talent-PrimaryHighlight-Top
4,_Talent-TitleGlowTile
4,_TalentCover-Overlay-Bottom
4,_TalentCover-Overlay-Top
4,_Thin-BorderBottom
4,_Thin-BorderTop
4,_UI-Frame-InnerSplitTile
3,!HelpPlateBox-Glow-Left
3,!HelpPlateBox-Glow-Right
3,!HelpPlateBox-Left
3,!HelpPlateBox-Right
3,!HelpPlateBox-Shadow-Left
3,!HelpPlateBox-Shadow-Right
3,AchievementCheckButtonTemplate
3,AchievementGuildTabardTemplate
3,AchievementIconFrameTemplate
3,AchievementTemplate
3,AutoCompleteButtonTemplate
3,BankItemButtonGenericTemplate
3,BaseMapPoiPinTemplate
3,Char-Stat-Bottom
3,Char-Stat-Minimized
3,CharCustomizeFrameWithTooltipTemplate
3,CollectionsJournalTab
3,CollectionsPagingFrameTemplate
3,ColumnDisplayButtonTemplate
3,CommentatorCCFont
3,CurrencyDisplayGroupTemplate
3,EncounterBossButtonTemplate
3,EyeTemplate
3,FloatingBorderedFrame
3,FullResourcePulseFrame
3,Game11Font_Shadow
3,GameFontBlackTiny2
3,GameFontDisableMed3
3,GameFontGreenLarge
3,GameFontNormalTiny2
3,GameFontNormal_NoShadow
3,GarrisonFollowerMissionPortraitTemplate
3,GarrisonMissionListButtonTemplate
3,GarrisonShipMissionCompleteFollowerTemplate
3,GarrisonThreatCounterTemplate
3,HelpPlateArrow-Shadow
3,HelpPlateBox-Glow-BottomLeft
3,HelpPlateBox-Glow-BottomRight
3,HelpPlateBox-Glow-TopLeft
3,HelpPlateBox-Glow-TopRight
3,HelpPlateBox-Shadow-BottomLeft
3,HelpPlateBox-Shadow-BottomRight
3,HelpPlateBox-Shadow-TopLeft
3,HelpPlateBox-Shadow-TopRight
3,LFGListMagicButtonTemplate
3,LargeInputBoxTemplate
3,LootWonAlertFrameTemplate
3,MapCanvasFrameTemplate
3,MoneyWonAlertFrameTemplate
3,NavButtonTemplate
3,NewSubSpellFont
3,Number13FontGray
3,Number13FontWhite
3,Number13FontYellow
3,Number14FontGray
3,Number14FontWhite
3,NumberFontNormalGray
3,NumberFontNormalLargeRight
3,NumberFontNormalLargeRightRed
3,NumberFontNormalLargeYellow
3,OptionsFontLarge
3,OptionsFrameTemplate
3,OribosScrollBar
3,PanelDragBarTemplate
3,PaperDollAzeriteItemOverlayTemplate
3,PaperDollSidebarTabTemplate
3,PetBattleAbilityButtonTemplate
3,PetBattleMiniUnitFrameAlly
3,PetBattleUnitTooltipTemplate
3,PetSpellSelectButtonTemplate
3,PetStable-StableSlot
3,QuestDifficulty_Header
3,QuestDifficulty_Standard
3,QuestFont_Shadow_Enormous
3,QuestFont_Shadow_Super_Huge
3,QuestFramePanelTemplate
3,QuestIcon-QuestionMark
3,QuestObjectiveFindGroupButtonTemplate
3,QuestPinTemplate
3,QuestSpellTemplate
3,QuickKeybindButtonTemplate
3,RotateOrbitCameraLeftButtonTemplate
3,RotateOrbitCameraRightButtonTemplate
3,SpellButtonTemplate
3,Spellbook-TrainBook
3,TalentArrowTemplate
3,TalentBranchTemplate
3,Tutorial_PointerDown
3,Tutorial_PointerLeft
3,Tutorial_PointerRight
3,Tutorial_PointerUp
3,UI-EJ-DungeonLootFrame
3,UI-EJ-FilterBar
3,UI-EJ-LootFrame
3,UI-PaperOverlay-AbilityTextBG
3,UIPanelGoldButtonTemplate
3,UIWidgetContainerTemplate
3,VerticalMultiBar3
3,VerticalMultiBar4
3,VideoOptionsSliderTemplate
3,WardrobeSetsDetailsItemFrameTemplate
3,_FilterButtonDown-Mid
3,_FilterButtonHighlight-Mid
3,_FilterButtonUp-Mid
3,_HelpPlateBox-Bottom
3,_HelpPlateBox-Glow-Bottom
3,_HelpPlateBox-Glow-Top
3,_HelpPlateBox-Shadow-Bottom
3,_HelpPlateBox-Shadow-Top
3,_HelpPlateBox-Top
3,_SearchBarLg
2,AchievementCriteriaTemplate
2,AchievementFrameAchievementsObjectivesTemplate
2,AchievementFullSearchResultsButton
2,AchievementHeaderStatusBarTemplate
2,AchievementSearchPreviewButton
2,ActionBarFlyoutButton-FlyoutTop
2,AdventureJournal_SecondaryTemplate
2,ArenaPrepFrameTemplate
2,ArtifactAppearanceSetHighlightFont
2,ArtifactAppearanceSetNormalFont
2,AuctionHouseBackgroundTemplate
2,BattleBar-Countdown-Shadow
2,BigRedRefreshButtonTemplate
2,BonusTrackerProgressBarFlareAnimTemplate
2,BonusTrackerProgressBarFullBarFlareTemplate
2,BonusTrackerProgressBarSmallFlareAnimTemplate
2,BuffButtonTemplate
2,BuilderSpenderFrame
2,ButtonFrameTemplateMinimizable
2,ButtonWithDisableTooltipTemplate
2,CRFManagerFilterButtonTemplate
2,CRFManagerFilterGroupButtonTemplate
2,CRFManagerRaidIconButtonTemplate
2,CampaignHeaderDisplayTemplate
2,ChallengesKeystoneFrameAffixTemplate
2,ChatConfigBoxWithHeaderAndClassColorsTemplate
2,ChatConfigCheckBoxWithSwatchTemplate
2,ChatConfigTabTemplate
2,CollectionsProgressBarTemplate
2,ColorSwatchTemplate
2,ComboPointTemplate
2,CommentatorDampeningFont
2,CommentatorDebuffTrayTemplate
2,CommentatorDefensiveTrayTemplate
2,CommentatorFontMedium
2,CommentatorModelSceneTemplate
2,CommentatorOffensiveTrayTemplate
2,CommentatorRadialCooldownTemplate
2,CommentatorTeamNameFont
2,CommentatorTeamScoreFont
2,CommentatorUFStatusBarTemplate
2,CommentatorUnitFrameStatusBar
2,CommentatorVictoryFanfare
2,CommentatorVictoryFanfareTeam
2,CompactUnitFrameProfilesSliderTemplate
2,CompanionListButtonTemplate
2,CompanionLoadOutSpellTemplate
2,ComparisonPlayerTemplate
2,ComparisonStatTemplate
2,ComparisonTemplate
2,ConsoleFontSmall
2,ContainerFrameTemplate
2,CovenantMissionBaseFrameTemplate
2,CurrencyDisplayTemplate
2,CurrencyHorizontalLayoutFrameTemplate
2,CurrencyLayoutFrameIconTemplate
2,CustomGossipFrameBaseGridTemplate
2,DebuffButtonTemplate
2,DefaultScaleFrame
2,ExpBar-Divider
2,ExtraActionButtonTemplate
2,FixedCoinFrameTemplate
2,FloatingChatFrameTemplate
2,FrameHighlightTemplate
2,GameFontDisableTiny
2,GameFontHighlightExtraSmallLeft
2,GameFontHighlightExtraSmallLeftTop
2,GameFontHighlightMed2
2,GameFontNormalHuge4
2,GameFontNormalHugeBlack
2,GameFontNormalLargeLeftTop
2,GameFontNormalLeftGreen
2,GarrisonBaseInfoBoxTemplate
2,GarrisonFollowerAbilityTemplate
2,GarrisonFollowerItemButtonTemplate
2,GarrisonFollowerLevelUpTemplate
2,GarrisonMissionBaseFrameTemplate
2,GarrisonMissionEnemyLargeMechanicTemplate
2,GarrisonMissionEnemyMechanicTemplate
2,GarrisonMissionFrameTabTemplate
2,GearSetButtonTemplate
2,GiantItemButtonTemplate
2,GossipTitleButtonTemplate
2,GuildFrameColumnHeaderTemplate
2,GuildRosterButtonTemplate
2,GuildRosterColumnButtonTemplate
2,HelpTipTemplate
2,HorizontalMultiBar1
2,IgnoreListButtonTemplate
2,InspectGuildFrameBanner
2,LFDRoleCheckPopupButtonTemplate
2,LFGListCategoryTemplate
2,LFGListGroupDataDisplayTemplate
2,LFGSpecificChoiceTemplate
2,LandingPageRenownButtonTemplate
2,LoreButtonTemplate
2,MacroPopupButtonTemplate
2,MainPet-Frame
2,MainPet-LevelBubble
2,ManagedHorizontalLayoutFrameTemplate
2,MetaCriteriaTemplate
2,MiniAchievementTemplate
2,MiniMapButtonTemplate
2,ModelControlButtonTemplate
2,ModelSceneControlFrameTemplate
2,ModifyOrbitCameraBaseButtonTemplate
2,MoneyDisplayFrameTemplate
2,MoneyFrameButtonTemplate
2,MonkLightEnergyTemplate
2,MountEquipmentButtonTemplate
2,MovePadCheckboxTemplate
2,MultiBar2ButtonTemplate
2,MultiBar3ButtonTemplate
2,MultiBar4ButtonTemplate
2,NumberFontNormalLargeRightGray
2,NumberFontNormalLargeRightYellow
2,NumberFontNormalRightGray
2,NumberFontNormalRightRed
2,NumberFontNormalRightYellow
2,ObjectiveTrackerBlockTemplate
2,ObjectiveTrackerCheckLineTemplate
2,ObjectiveTrackerProgressBarTemplate
2,ObjectiveTrackerTimerBarTemplate
2,OptionsFontHighlight
2,OribosScrollBarTemplate
2,PVPHonorRewardCodeTemplate
2,PanningModelSceneMixinTemplate
2,PaperDollItemSlotButtonTemplate
2,PartyBuffFrameTemplate
2,PetBattleUnitFrame
2,PetStable-ActiveBG
2,PetStable-DietIcon
2,PlayerTalentTabTemplate
2,PortraitFrameTemplateMinimizable
2,PowerSwirlAnimationTemplate
2,PriceFontGray
2,PriceFontGreen
2,PriceFontRed
2,PriceFontWhite
2,QuestDifficulty_Difficult
2,QuestDifficulty_Impossible
2,QuestDifficulty_Trivial
2,QuestFont_30
2,QuestLogObjectiveTemplate
2,QuestObjectiveAnimLineTemplate
2,QuestObjectiveWaypointLineTemplate
2,QuestPOINumericTemplate
2,RaidClassButtonTemplate
2,RefreshButtonTemplate
2,RoleCountNoScriptsTemplate
2,RoleCountTemplate
2,ScriptAnimatedModelSceneTemplate
2,ScrollingEditBoxTemplate
2,SharedButtonLargeTemplate
2,SharedGoldRedButtonTemplate
2,SharedNoHeaderTooltipTemplate
2,StatTemplate
2,StoreInsetFrameTemplate
2,SummaryAchievementTemplate
2,SummaryStatTemplate
2,System15Font
2,SystemFont22_Outline
2,SystemFont_Huge4
2,SystemFont_Shadow_Huge2_Outline
2,SystemFont_Shadow_Huge4_Outline
2,SystemFont_Shadow_Med2_Outline
2,TalentRankDisplayTemplate
2,TalentRowGlowFrameTemplate
2,TargetFrameTemplate
2,TargetofTargetDebuffFrameTemplate
2,TooltipProgressBarTemplate
2,TooltipStatusBarTemplate
2,TradeItemTemplate
2,UI-Frame-BtnDivLeft
2,UI-Frame-BtnDivRight
2,UI-Frame-InnerSplitLeft
2,UI-Frame-InnerSplitRight
2,UI-PaperOverlay-AbilityTextBottomBorder
2,UI-PaperOverlay-Bullet
2,UIDropDownMenuButtonScriptTemplate
2,UIPanelBorderedButtonTemplate
2,UIPanelButtonDisabledDownTexture
2,UIPanelScrollBarTemplateLightBorder
2,UIWidgetContainerNoResizeTemplate
2,UnitPowerBarAltTemplate
2,VehicleMenuBarStatusBarText
2,WarModeBonusFrameTemplate
2,WardrobeOutfitButtonTemplate
2,WardrobeSetsScrollFrameButtonTemplate
2,WardrobeSlotButtonTemplate
2,WorldQuestPinTemplate
2,store-card
2,store-card-petshadow
1,!WoodFrameTile-Left
1,!WoodFrameTile-Right
1,AchievementDisplayOverviewBulletTemplate
1,AchievementDisplayTemplate
1,ActionBarButtonCodeTemplate
1,AddToChatButtonTemplate
1,AddonListEntryTemplate
1,AdvancedVideoOptionsDropDownMenuTemplate
1,AdventureMapDetailTileTemplate
1,AdventureMapInsetTemplate
1,AdventureMapQuestRewardTemplate
1,AdventureMap_FogPinTemplate
1,AdventureMap_QuestChoicePinTemplate
1,AdventureMap_QuestOfferPinTemplate
1,AdventureMap_ZoneSummaryInsetPinTemplate
1,AdventureMap_ZoneSummaryPinTemplate
1,AdventuresBoardAuraContainerTemplate
1,AdventuresBoardAuraIcon
1,AdventuresBoardCombatTemplate
1,AdventuresBoardEmptySocketTemplate
1,AdventuresBoardTemplate
1,AdventuresCompleteScreenTemplate
1,AdventuresEnemyPuckTemplate
1,AdventuresFollowerPuckTemplate
1,AdventuresFriendlyTargetingIndicatorTemplate
1,AdventuresLevelPortraitTemplate
1,AdventuresMissionPageFollowerPuckTemplate
1,AdventuresPuckAbilityTemplate
1,AdventuresPuckAnimatedTemplate
1,AdventuresPuckHealthBarTemplate
1,AdventuresPuckTemplate
1,AdventuresRewardsFollowerTemplate
1,AdventuresRewardsPaddedFollower
1,AdventuresRewardsScreenTemplate
1,AdventuresTargetingIndicatorTemplate
1,AlertContainerTemplate
1,AlertMountEquipmentFeatureTemplate
1,AlliedRaceAbilityTemplate
1,AlliedRacesModelControlFrameButtonTemplate
1,AlphaHighlightButtonTemplate
1,AlternatePowerBarTemplate
1,AnimaDiversionBolsterProgressGemTemplate
1,AnimaDiversionConnectionTemplate
1,AnimaDiversionCurrencyCostFrameTemplate
1,AnimaDiversionModelScenePinTemplate
1,AnimaDiversionPinTemplate
1,AnimaDiversion_WorldQuestPinTemplate
1,AnimatedStatusBarGlowLinesTemplate
1,ArcaneChargeTemplate
1,ArdenwealdGardeningPanelTemplate
1,AreaLabelFrameTemplate
1,AreaPOIPinTemplate
1,ArenaCastingBarFrameTemplate
1,ArenaEnemyFrameTemplate
1,ArenaEnemyPetFrameTemplate
1,ArtifactAppearanceSetTemplate
1,ArtifactAppearanceSlotTemplate
1,ArtifactAppearancesTabTemplate
1,ArtifactCurvedDependencyLineTemplate
1,ArtifactDependencyLineTemplate
1,ArtifactFloatingRankStringTemplate
1,ArtifactFrameTabButtonTemplate
1,ArtifactPerksTabTemplate
1,ArtifactPowerButtonTemplate
1,ArtifactRelicRankTemplate
1,ArtifactStatusBarTemplate
1,ArtifactsModelTemplate
1,ArtifactsRelicSlotTemplate
1,AuctionCategoryButtonTemplate
1,AuctionHouseAlignedDurationDropDownTemplate
1,AuctionHouseAlignedPriceDisplayTemplate
1,AuctionHouseAlignedPriceInputFrameTemplate
1,AuctionHouseAlignedQuantityInputFrameTemplate
1,AuctionHouseAuctionsFrameTabTemplate
1,AuctionHouseAuctionsFrameTemplate
1,AuctionHouseAuctionsSummaryLineTemplate
1,AuctionHouseBidFrameTemplate
1,AuctionHouseBrowseResultsFrameTemplate
1,AuctionHouseBuyDialogNotificationFrameTemplate
1,AuctionHouseBuyDialogTemplate
1,AuctionHouseBuyoutFrameTemplate
1,AuctionHouseCategoriesListTemplate
1,AuctionHouseCommoditiesBuyDisplayTemplate
1,AuctionHouseCommoditiesBuyFrameTemplate
1,AuctionHouseCommoditiesBuyListTemplate
1,AuctionHouseCommoditiesListTemplate
1,AuctionHouseCommoditiesSellFrameTemplate
1,AuctionHouseCommoditiesSellListTemplate
1,AuctionHouseDialogButtonTemplate
1,AuctionHouseFavoritableLineTemplate
1,AuctionHouseFavoritesSearchButtonTemplate
1,AuctionHouseFilterButtonTemplate
1,AuctionHouseFilterDropDownMenuTemplate
1,AuctionHouseFrameTabTemplate
1,AuctionHouseFrameTopTabTemplate
1,AuctionHouseInteractableItemDisplayTemplate
1,AuctionHouseItemBuyFrameTemplate
1,AuctionHouseItemDisplayBaseTemplate
1,AuctionHouseItemDisplayTemplate
1,AuctionHouseItemListHeadersTemplate
1,AuctionHouseItemListLineTemplate
1,AuctionHouseItemListTemplate
1,AuctionHouseItemSellFrameTemplate
1,AuctionHouseLevelRangeEditBoxTemplate
1,AuctionHouseLevelRangeFrameTemplate
1,AuctionHouseQuantityInputEditBoxTemplate
1,AuctionHouseRefreshFrameTemplate
1,AuctionHouseSearchBarTemplate
1,AuctionHouseSearchBoxTemplate
1,AuctionHouseSearchButtonTemplate
1,AuctionHouseSellFrameAlignedControlTemplate
1,AuctionHouseSellFrameOverlayTemplate
1,AuctionHouseSellFrameTemplate
1,AuctionHouseTableCellAllAuctionsBidTemplate
1,AuctionHouseTableCellAllAuctionsBuyoutTemplate
1,AuctionHouseTableCellAllAuctionsPriceTemplate
1,AuctionHouseTableCellAuctionsBidTemplate
1,AuctionHouseTableCellAuctionsBuyoutTemplate
1,AuctionHouseTableCellAuctionsCommoditiesQuantityTemplate
1,AuctionHouseTableCellAuctionsItemDisplayTemplate
1,AuctionHouseTableCellAuctionsItemLevelTemplate
1,AuctionHouseTableCellAuctionsOwnersTemplate
1,AuctionHouseTableCellAuctionsUnitPriceTemplate
1,AuctionHouseTableCellBidTemplate
1,AuctionHouseTableCellBuyoutTemplate
1,AuctionHouseTableCellCommoditiesQuantityTemplate
1,AuctionHouseTableCellExtraInfoTemplate
1,AuctionHouseTableCellFavoriteTemplate
1,AuctionHouseTableCellItemBuyoutTemplate
1,AuctionHouseTableCellItemDisplayTemplate
1,AuctionHouseTableCellItemQuantityLeftTemplate
1,AuctionHouseTableCellItemQuantityRightTemplate
1,AuctionHouseTableCellItemSellBuyoutTemplate
1,AuctionHouseTableCellLevelTemplate
1,AuctionHouseTableCellMinPriceTemplate
1,AuctionHouseTableCellOwnedCheckmarkTemplate
1,AuctionHouseTableCellOwnersTemplate
1,AuctionHouseTableCellQuantityTemplate
1,AuctionHouseTableCellTextTemplate
1,AuctionHouseTableCellTextTooltipTemplate
1,AuctionHouseTableCellTimeLeftBandTemplate
1,AuctionHouseTableCellTimeLeftTemplate
1,AuctionHouseTableCellUnitPriceTemplate
1,AuctionHouseTableEmptyTemplate
1,AuctionHouseTableHeaderStringTemplate
1,AuctionHouseTableImageTemplate
1,AuctionHouseTableMoneyDisplayCheckmarkTemplate
1,AuctionHouseTableMoneyDisplayTemplate
1,AudioOptionsBaseCheckButtonTemplate
1,AudioOptionsCheckButtonTemplate
1,AudioOptionsSmallCheckButtonTemplate
1,AuthChallengeButtonTemplate
1,AuthChallengeEditBoxTemplate
1,AutoQuest-QuestLogIcon
1,AutoQuestToastBorder-BotLeft
1,AutoQuestToastBorder-BotRight
1,AutoQuestToastBorder-TopLeft
1,AutoQuestToastBorder-TopRight
1,AvatarButtonTemplate
1,AzeriteBarTemplate
1,AzeriteEmpoweredItemChannelTemplate
1,AzeriteEmpoweredItemPowerTemplate
1,AzeriteEmpoweredItemSlotTemplate
1,AzeriteEmpoweredItemTierTemplate
1,AzeriteEmpoweredItemUITemplate
1,AzeriteEssenceButtonTemplate
1,AzeriteEssenceDependencyLineTemplate
1,AzeriteEssenceStarsAnimationFrameTemplate
1,AzeriteGearBackgroundTexture
1,AzeriteGearTexture
1,AzeriteIslandsPartyToastTextTemplate
1,AzeriteIslandsPlayerToastTextTemplate
1,AzeriteMilestoneBaseTemplate
1,AzeriteMilestoneMajorSlotTemplate
1,AzeriteMilestoneMinorSlotTemplate
1,AzeriteMilestoneRankedTemplate
1,AzeriteMilestoneStaminaTemplate
1,AzeritePlugBackgroundTexture
1,AzeritePlugTexture
1,AzeriteRankFrameTemplate
1,AzeriteRingBackgroundTexture
1,AzeriteRingBorderTexture
1,AzeriteRingGlowTexture
1,AzeriteRingLightsTexture
1,AzeriteUITexture
1,AzeriteUnlockedItemTemplate
1,BackupPet-DeadFrame
1,BackupPet-Frame
1,Bank-Rivet
1,Bank-Slot-BG
1,BankTabPermissionTemplate
1,BarberShopButtonTemplate
1,BaseExpandableDialog
1,BaseLandingPageFollowerListTemplate
1,BaseLayoutFrameTemplate
1,BaseNamePlateUnitFrameTemplate
1,BaseNineSliceDialog
1,BaseTextTimer
1,BattleBar-Button-Highlight
1,BattleBar-ButtonBG-Divider
1,BattleBar-ButtonBG-EndCap
1,BattleBar-EndCap
1,BattleBar-SwapPetFrame
1,BattleBar-SwapPetFrame-Highlight
1,BattleBar-SwapPetIcon
1,BattleBar-SwapPetShadow
1,BattleHUD-Top
1,BattleHUD-Versus
1,BattlePetTooltipTemplate
1,BattlefieldFlagPinTemplate
1,BehaviorMessagingBackgroundTemplate
1,BehaviorMessagingNotificationTemplate
1,BigGoldRedThreeSliceButtonTemplate
1,BigRedExitButtonTemplate
1,BigRedThreeSliceButtonTemplate
1,BlackMarketColumnButtonTemplate
1,BlackMarketItemTemplate
1,BonusObjectivePinTemplate
1,BonusObjectiveRewardsFrameTemplate
1,BonusObjectiveTrackerBlockTemplate
1,BonusObjectiveTrackerHeaderTemplate
1,BonusObjectiveTrackerLineTemplate
1,BonusObjectiveTrackerRewardTemplate
1,BonusRollFrameTemplate
1,BonusTrackerProgressBarTemplate
1,BossBannerLootFrameTemplate
1,BossSpellBarTemplate
1,BossTargetFrameTemplate
1,BrowseWowTokenResultsTemplate
1,BrowserTemplate
1,Buff-BG
1,Buff-Divider
1,BulletPointTemplate
1,BulletPointWithTextureTemplate
1,CRFManagerFilterRoleButtonTemplate
1,CalendarClassButtonTemplate
1,CalendarCloseButtonTemplate
1,CalendarCreateEventInviteListButtonTemplate
1,CalendarDayButtonTemplate
1,CalendarDayEventButtonTemplate
1,CalendarEventCloseButtonTemplate
1,CalendarEventInviteListButtonTemplate
1,CalendarEventInviteListTemplate
1,CalendarEventInviteSortButtonTemplate
1,CalendarEventPickerButtonTemplate
1,CalendarMassInviteArenaButtonTemplate
1,CalendarModalDialogTemplate
1,CalendarModalEventOverlayTemplate
1,CalendarTexturePickerButtonTemplate
1,CalendarViewEventInviteListButtonTemplate
1,CalendarViewEventRSVPButtonTemplate
1,CampaignHeaderTemplate
1,CampaignOverviewTemplate
1,ChallengeModeBannerPartyMemberTemplate
1,ChallengesDungeonIconFrameTemplate
1,ChannelButtonBaseTemplate
1,ChannelButtonCommunityTemplate
1,ChannelButtonHeaderTemplate
1,ChannelButtonTemplate
1,ChannelButtonTextTemplate
1,ChannelButtonVoiceTemplate
1,ChannelListTemplate
1,ChannelRosterButtonTemplate
1,ChannelRosterTemplate
1,CharCustomizeAlteredFormButtonTemplate
1,CharCustomizeAlteredFormSmallButtonTemplate
1,CharCustomizeBaseButtonTemplate
1,CharCustomizeCategoryButtonTemplate
1,CharCustomizeClickOrHoldButtonTemplate
1,CharCustomizeMaskedButtonTemplate
1,CharCustomizeOptionCheckButtonTemplate
1,CharCustomizeOptionSelectionPopoutTemplate
1,CharCustomizeOptionSliderTemplate
1,CharCustomizeSelectionPopoutDetailsTemplate
1,CharCustomizeSelectionPopoutEntryTemplate
1,CharCustomizeSelectionPopoutWithButtonsAndLabelTemplate
1,CharCustomizeSexButtonTemplate
1,CharCustomizeShapeshiftFormButtonTemplate
1,CharCustomizeSmallButtonTemplate
1,CharCustomizeTooltipTemplate
1,CharacterCreateAllianceAlliedRaceButtonTemplate
1,CharacterCreateAllianceButtonTemplate
1,CharacterCreateBackgroundOverlayTexture
1,CharacterCreateClassButtonTemplate
1,CharacterCreateFrameRacialAbilityTemplate
1,CharacterCreateHordeAlliedRaceButtonTemplate
1,CharacterCreateHordeButtonTemplate
1,CharacterCreateNavButtonTemplate
1,CharacterCreateRaceButtonTemplate
1,CharacterCreateSpecButtonTemplate
1,CharacterCreateStartingZoneTemplate
1,CharacterCreateVerticalLayoutFrame
1,ChatBubbleTemplate
1,ChatConfigBorderBoxTemplate
1,ChatConfigBoxTemplate
1,ChatConfigBoxWithHeaderTemplate
1,ChatConfigCheckBoxSmallTemplate
1,ChatConfigCheckBoxTemplate
1,ChatConfigSwatchTemplate
1,ChatConfigWideCheckBoxWithSwatchTemplate
1,ChatTabArtTemplate
1,ChatTabConversationIconTemplate
1,ChatWindowTab
1,ChromieTimeExpansionButtonTemplate
1,CinematicDialogButtonTemplate
1,CircularGiantItemButtonTemplate
1,ClassNameplateBarArcaneChargeFrame
1,ClassNameplateBarChiFrame
1,ClassNameplateBarComboPointFrame
1,ClassNameplateBarDeathKnightRuneButton
1,ClassNameplateBarFrame
1,ClassNameplateBarPaladinRuneFrame
1,ClassNameplateBarShardFrame
1,ClassPowerBarFrame
1,ClickBindingFramePortraitTemplate
1,ClickBindingHeaderTemplate
1,ClickBindingLineTemplate
1,ClickToDragTemplate
1,ClickToZoomDataProvider_LabelTemplate
1,ClubFinderApplicantEntryTemplate
1,ClubFinderApplicantListFrameTemplate
1,ClubFinderBigSpecializationCheckBoxTemplate
1,ClubFinderCheckboxTemplate
1,ClubFinderCommunitiesCardFrameTemplate
1,ClubFinderCommunitiesCardTemplate
1,ClubFinderEditBoxScrollFrameTemplate
1,ClubFinderFilterDropdownTemplate
1,ClubFinderFocusDropdownTemplate
1,ClubFinderGuildAndCommunityFrameTemplate
1,ClubFinderGuildCardTemplate
1,ClubFinderGuildCardsFrameTemplate
1,ClubFinderInvitationsFrameTemplate
1,ClubFinderLittleSpecializationCheckBoxTemplate
1,ClubFinderOptionsTemplate
1,ClubFinderPostingExpirationTemplate
1,ClubFinderRequestToJoinTemplate
1,ClubFinderRoleTemplate
1,ClubPendingRecruitListFrameTemplate
1,ClubsFinderJoinClubWarningTemplate
1,ClubsRecruitmentDialogTemplate
1,CollectionsNextPageButton
1,CollectionsPageTextTemplate
1,CollectionsPrevPageButton
1,CollectionsSpellButtonTemplate
1,ColorblindExampleIconTemplate
1,ColorblindItemQualityTemplate
1,ColumnDisplayButtonNoScriptsTemplate
1,ColumnDisplayButtonShortTemplate
1,CombatLog-BG
1,CombatLogQuickButtonTemplate
1,CombatLogTemplate
1,CombatTextTemplate
1,ComboPointBonusPlayerTemplate
1,ComboPointPlayerTemplate
1,CommentatorDebuffTemplate
1,CommentatorFontSmall
1,CommentatorNPRadialCooldownTemplate
1,CommentatorNamePlateTemplate
1,CommentatorScoreboardScoreTemplate
1,CommentatorScoreboardTemplate
1,CommentatorSpellBaseTemplate
1,CommentatorSpellTemplate
1,CommentatorSpellTrayTemplate
1,CommentatorTeamNameFontString
1,CommentatorTeamOverlayTemplate
1,CommentatorUnitFrameTemplate
1,CommunitiesCalendarButtonTemplate
1,CommunitiesChatEditBoxTemplate
1,CommunitiesChatTemplate
1,CommunitiesControlFrameTemplate
1,CommunitiesEditStreamDialogTemplate
1,CommunitiesFrameMemberListDropDownMenuTemplate
1,CommunitiesFrameTabTemplate
1,CommunitiesGuildChallengeTemplate
1,CommunitiesGuildFinderFrameTemplate
1,CommunitiesGuildInfoFrameTemplate
1,CommunitiesGuildMemberDetailFrameTemplate
1,CommunitiesGuildNameChangeAlertFrameTemplate
1,CommunitiesGuildNewsBossModelTemplate
1,CommunitiesGuildNewsButtonTemplate
1,CommunitiesGuildNewsCheckButtonTemplate
1,CommunitiesGuildNewsFrameTemplate
1,CommunitiesGuildPerksButtonTemplate
1,CommunitiesGuildPerksFrameTemplate
1,CommunitiesGuildProgressBarTemplate
1,CommunitiesGuildRewardsButtonTemplate
1,CommunitiesGuildRewardsFrameTemplate
1,CommunitiesInvitationFrameTemplate
1,CommunitiesInviteButtonTemplate
1,CommunitiesListDropDownMenuTemplate
1,CommunitiesListEntryTemplate
1,CommunitiesListFrameTemplate
1,CommunitiesMassNotificationsSettingsButtonTemplate
1,CommunitiesMemberListEntryTemplate
1,CommunitiesMemberListFrameTemplate
1,CommunitiesNotificationSettingsDialogTemplate
1,CommunitiesNotificationSettingsStreamEntryCheckButtonTemplate
1,CommunitiesNotificationSettingsStreamEntryTemplate
1,CommunitiesSettingsButtonTemplate
1,CommunitiesSubPanelButtonScriptTemplate
1,CommunitiesTicketEntryTemplate
1,CommunitiesTicketFrameTemplate
1,CommunitiesTicketManagerScrollFrameTemplate
1,CommunityMemberListDropDownMenuTemplate
1,CommunityNameChangeFrameTemplate
1,CommunityPostingChangeFrameTemplate
1,CompactDispelDebuffTemplate
1,CompactPartyFrameTemplate
1,CompactRaidGroupTemplate
1,CompactUnitFrameCastBarTemplate
1,CompactUnitFrameProfileDialogWithCoverTemplate
1,CompactUnitFrameProfilesCheckButtonTemplate
1,CompactUnitFrameProfilesDropdownTemplate
1,CompactUnitFrameTemplate
1,CompanionLoadOutTemplate
1,ConduitButtonGlow
1,ConduitInstallTemplate
1,ConduitListConduitButtonTemplate
1,ConduitListSectionTemplate
1,ConduitListTemplate
1,ConfigFilterButtonTemplate
1,ConsoleFontNormal
1,ContainerFrameExtendedItemButtonTemplate
1,ContributionCollectorPinTemplate
1,ContributionHeaderTemplate
1,ContributionRewardTemplate
1,ContributionStateTemplate
1,ContributionStatusTemplate
1,ContributionTemplate
1,CornerDragFrame
1,CorpsePinTemplate
1,CovenantAbilityButtonTemplate
1,CovenantCallingQuestTemplate
1,CovenantCallingsHeaderTemplate
1,CovenantCallingsTemplate
1,CovenantCelebrationBannerTemplate
1,CovenantFollowerButtonTemplate
1,CovenantFollowerListTemplate
1,CovenantFollowerTabTemplate
1,CovenantLandingPageEncounterIconTemplate
1,CovenantListWideFrameTemplate
1,CovenantMissionAutoSpellAbilityTemplate
1,CovenantMissionEncounterIconTemplate
1,CovenantMissionFollowerButtonTemplate
1,CovenantMissionFollowerOrCategoryListButtonTemplate
1,CovenantMissionListButtonTemplate
1,CovenantMissionListTemplate
1,CovenantMissionPageEnemyTemplate
1,CovenantMissionPageFollowerTemplate
1,CovenantMissionPageStageTemplate
1,CovenantMissionPageTemplate
1,CovenantPortraitTemplate
1,CovenantRenownLevelTemplate
1,CovenantRenownRewardTemplate
1,CovenantRenownTrackButtonTemplate
1,CovenantSanctumUpgradeReservoirTemplate
1,CovenantSanctumUpgradeTalentTemplate
1,CovenantSanctumUpgradeTreeTemplate
1,CovenantSoulbindButtonTemplate
1,CovenantStatLineLandingPageTemplate
1,CovenantStatLineTemplate
1,CreateChannelPopupButtonTemplate
1,CreateChannelPopupEditBoxTemplate
1,CriteriaAlertFrameTemplate
1,CriteriaBulletTemplate
1,CriteriaDisplayTemplate
1,CropFrameTemplate
1,CustomBindingButtonTemplate
1,CustomBindingButtonTemplateWithLabel
1,CustomBuyButtonTemplate
1,CustomGossipFrameBaseTemplate
1,CustomGossipOptionButtonBaseTemplate
1,DarkRect
1,DeathRecapEntryTemplate
1,DeathReleasePinTemplate
1,DebugIdentifierFrameNoNameTemplate
1,DebugIdentifierFrameTemplate
1,DebugTexture
1,DebugTextureBlack
1,DefaultStoreCardTemplate
1,DestinyButtonTemplate
1,DeveloperConsoleAutoCompleteEntryTemplate
1,DeveloperConsoleAutoCompleteEntryTooltipTemplate
1,DeveloperConsoleAutoCompleteTemplate
1,DeveloperConsoleBackgroundTemplate
1,DialogBorderNoCenterTemplate
1,DialogBorderTranslucentTemplate
1,DialogButtonDisabledTexture
1,DigSitePinTemplate
1,DigsiteCompleteToastFrameTemplate
1,DisabledTooltipButtonTemplate
1,DockManagerOverflowListButtonTemplate
1,DockManagerOverflowListTemplate
1,DockManagerTemplate
1,DressUpOutfitSlotFrameTemplate
1,DropDownControlTemplate
1,DummyScrollBarTemplate
1,DungeonCompletionAlertFrameRewardTemplate
1,DungeonCompletionAlertFrameTemplate
1,DungeonEntrancePinTemplate
1,EJButtonTemplate
1,EncounterCreatureButtonTemplate
1,EncounterDescriptionTemplate
1,EncounterDifficultyTemplate
1,EncounterInfoTemplate
1,EncounterInstanceButtonTemplate
1,EncounterItemTemplate
1,EncounterJournalPinTemplate
1,EncounterJournalScrollBarTemplate
1,EncounterOverviewBulletTemplate
1,EncounterSearchLGTemplate
1,EncounterSearchSMTemplate
1,EncounterSectionIconTemplate
1,EncounterTabTemplate
1,EncounterTierTabTemplate
1,EnemyEmptySocketTemplate
1,EntitlementDeliveredAlertFrameBaseTemplate
1,EntitlementDeliveredAlertFrameTemplate
1,EnumDropDownControlTemplate
1,EquipmentFlyoutButtonTemplate
1,EquipmentFlyoutPopoutButtonTemplate
1,EquipmentFlyoutTexture
1,EventToastAnimationsTemplate
1,EventToastChallengeModeToastTemplate
1,EventToastManagerFrameTemplateNormal
1,EventToastManagerNormalBlockTextTemplate
1,EventToastManagerNormalSingleLineTemplate
1,EventToastManagerNormalTitleAndSubtitleTemplate
1,EventToastScenarioBaseToastTemplate
1,EventToastScenarioExpandToastTemplate
1,EventToastScenarioToastTemplate
1,EventToastWithIconBaseTemplate
1,EventToastWithIconLargeTextTemplate
1,EventToastWithIconNormalTemplate
1,EventToastWithIconWithRarityTemplate
1,EventTraceButtonBehaviorTemplate
1,EventTraceCheckButtonTemplate
1,EventTraceFilterButtonTemplate
1,EventTraceLogEventButtonTemplate
1,EventTraceLogMessageButtonTemplate
1,EventTraceMenuButtonTemplate
1,EventTraceScrollBoxButtonTemplate
1,ExpStatusBarTemplate
1,ExtraAbilityContainerTemplate
1,FavoriteDropDownTemplate
1,FlightMap_AreaPOIPinTemplate
1,FlightMap_BackgroundFlightLineTemplate
1,FlightMap_FlightPointPinTemplate
1,FlightMap_HighlightFlightLineTemplate
1,FlightMap_QuestPinTemplate
1,FlightMap_VignettePinTemplate
1,FlightMap_WorldQuestPinTemplate
1,FlightPointPinTemplate
1,FloatingChatFrameMinimizedTemplate
1,FogFrameTemplate
1,FogOfWarFrameTemplate
1,FogOfWarPinTemplate
1,FollowerEmptySocketTemplate
1,FollowerMissionPageTemplate
1,ForbiddenNamePlateUnitFrameTemplate
1,FrameStackAnchorHighlightTemplate
1,FriendsFrameButtonTemplate
1,FriendsFrameButtonTemplate_BottomLeft
1,FriendsFrameButtonTemplate_BottomRight
1,FriendsFrameFriendDividerTemplate
1,FriendsFrameFriendInviteTemplate
1,FriendsFrameHeaderTemplate
1,FriendsFrameScrollFrame
1,FriendsFrameSlider
1,FriendsFriendsButtonTemplate
1,FriendsListButtonTemplate
1,FriendsTabTemplate
1,Game32Font_Shadow2
1,Game36Font_Shadow2
1,Game46Font_Shadow2
1,GameFont72Highlight
1,GameFont72HighlightShadow
1,GameFont72Normal
1,GameFont72NormalShadow
1,GameFontBlackSmall2
1,GameFontDisableMed2
1,GameFontDisableOutline22
1,GameFontDisableSmall2
1,GameFontDisableTiny2
1,GameFontHighlightHuge2
1,GameFontHighlightOutline22
1,GameFontHighlightShadowHuge2
1,GameFontHighlightShadowOutline22
1,GameFontNormalCenter
1,GameFontNormalHuge3Outline
1,GameFontNormalHuge4Outline
1,GameFontNormalHugeOutline
1,GameFontNormalMed2Outline
1,GameFontNormalMed3Outline
1,GameFontNormalOutline22
1,GameFontNormalShadowOutline22
1,GameFontNormalSmallBattleNetBlueLeft
1,GameFontNormalWTF2
1,GameFontNormalWTF2Outline
1,GarrisonAbilityLargeCounterTemplate
1,GarrisonBonusAreaTooltipFrameTemplate
1,GarrisonBonusEffectFrameTemplate
1,GarrisonBuildingAlertFrameTemplate
1,GarrisonBuildingListButtonTemplate
1,GarrisonBuildingSpecTemplate
1,GarrisonBuildingTabTemplate
1,GarrisonCapacitiveItemButtonTemplate
1,GarrisonCapacitiveWorkOrderTemplate
1,GarrisonCinematicModelBaseTemplate
1,GarrisonEncounterGlowTemplate
1,GarrisonEncounterPortraitCheckTemplate
1,GarrisonEncounterPortraitTemplate
1,GarrisonEnemyPortraitTemplate
1,GarrisonEquipmentTemplate
1,GarrisonFollowerAbilityTooltipTemplate
1,GarrisonFollowerAbilityWithoutCountersTooltipTemplate
1,GarrisonFollowerAlertFrameTemplate
1,GarrisonFollowerCombatAllySpellTemplate
1,GarrisonFollowerEquipmentTemplate
1,GarrisonFollowerListButtonAbilityTemplate
1,GarrisonFollowerMissionAbilityWithoutCountersTooltipTemplate
1,GarrisonFollowerMissionCompleteStageTemplate
1,GarrisonFollowerMissionRewardsFrameTemplate
1,GarrisonFollowerModelUpgradeTemplate
1,GarrisonFollowerPageAbilityIconButtonTemplate
1,GarrisonFollowerPageAbilityTemplate
1,GarrisonFollowerTabModelCluster
1,GarrisonFollowerTabModelClusterModel
1,GarrisonFollowerTabTemplate
1,GarrisonFollowerTooltipContentsTemplate
1,GarrisonFollowerUpgradeClickTargetTemplate
1,GarrisonFollowerXPBarTemplate
1,GarrisonFollowerXPGainTemplate
1,GarrisonInfoBoxBigBottomTemplate
1,GarrisonInfoBoxFiligreeTemplate
1,GarrisonInfoBoxLittleBottomTemplate
1,GarrisonLandingPageReportMissionRewardTemplate
1,GarrisonLargeFollowerXPFrameTemplate
1,GarrisonListTemplate
1,GarrisonListTemplateHeader
1,GarrisonMissionAbilityCounterTemplate
1,GarrisonMissionAbilityLargeCounterTemplate
1,GarrisonMissionAlertFrameTemplate
1,GarrisonMissionBonusRewardsTemplate
1,GarrisonMissionChanceFrameTemplate
1,GarrisonMissionCheckTemplate
1,GarrisonMissionCompleteDialogTemplate
1,GarrisonMissionCompleteModelCluster
1,GarrisonMissionCompleteModelTemplate
1,GarrisonMissionCompleteStageTemplate
1,GarrisonMissionCompleteTemplate
1,GarrisonMissionFollowerButtonDurabilityTemplate
1,GarrisonMissionFollowerButtonTemplate
1,GarrisonMissionFollowerOrCategoryListButtonTemplate
1,GarrisonMissionFrameTemplate
1,GarrisonMissionLargeMechanicTemplate
1,GarrisonMissionListButtonNewHighlightTemplate
1,GarrisonMissionListTabTemplate
1,GarrisonMissionListTemplate
1,GarrisonMissionMechanicTemplate
1,GarrisonMissionPageBaseTemplate
1,GarrisonMissionPageCloseButtonTemplate
1,GarrisonMissionPageCostFrameTemplate
1,GarrisonMissionPageCostWithTooltipTemplate
1,GarrisonMissionPageEnemyTemplate
1,GarrisonMissionPageItemLevelHitboxFrame
1,GarrisonMissionPageOvermaxRewardTemplate
1,GarrisonMissionPageRewardTemplate
1,GarrisonMissionPageStageTemplate
1,GarrisonMissionPartyBuffTemplate
1,GarrisonMissionPartyBuffsFrameTemplate
1,GarrisonMissionRewardEffectsTemplate
1,GarrisonMissionStageTemplate
1,GarrisonMissionTopBorderTemplate
1,GarrisonPlotPinTemplate
1,GarrisonPlotTemplate
1,GarrisonRandomMissionAlertFrameTemplate
1,GarrisonRecruitAbilityTemplate
1,GarrisonRecruitTemplate
1,GarrisonRecruiterRadioButtonTemplate
1,GarrisonShipEquipmentTemplate
1,GarrisonShipFollowerAlertFrameTemplate
1,GarrisonShipFollowerButtonTemplate
1,GarrisonShipFollowerListTemplateHeader
1,GarrisonShipMissionAlertFrameTemplate
1,GarrisonShipMissionCompleteEnemyTemplate
1,GarrisonShipMissionEnemyTemplate
1,GarrisonShipMissionFollowerTemplate
1,GarrisonShipTraitTemplate
1,GarrisonShipyardBonusAreaFrameTemplate
1,GarrisonShipyardFollowerTabTemplate
1,GarrisonShipyardFollowerTooltipTemplate
1,GarrisonShipyardMapMissionTemplate
1,GarrisonShipyardMissionCompleteStageTemplate
1,GarrisonShipyardMissionPageBaseTemplate
1,GarrisonShipyardMissionRewardsFrameTemplate
1,GarrisonShipyardTopBorderTemplate
1,GarrisonSmallFollowerXPFrameTemplate
1,GarrisonStandardMissionAlertFrameTemplate
1,GarrisonTalentAlertFrameTemplate
1,GarrisonTalentArrowTemplate
1,GarrisonTalentButtonAnimationTemplate
1,GarrisonTalentButtonTemplate
1,GarrisonTalentChoiceTemplate
1,GarrisonTalentPrerequisiteArrowTemplate
1,GarrisonTalentTrackTemplate
1,GarrisonThreatCountersFrameTemplate
1,GearSetPopupButtonTemplate
1,GlowEmitterTemplate
1,GoldBorderFrameTemplate
1,GossipFramePanelTemplate
1,GossipPinTemplate
1,GridListElementTemplate
1,GridListTemplate
1,GroupFinderGroupButtonTemplate
1,GroupLootFrameTemplate
1,GroupMembersPinTemplate
1,GuildAchievementPointDisplayTemplate
1,GuildBankFrameColumnTemplate
1,GuildBankFrameTabTemplate
1,GuildBankItemButtonTemplate
1,GuildBankPopupButtonTemplate
1,GuildBankTabTemplate
1,GuildBenefitsFrameTemplate
1,GuildChallengeAlertFrameTemplate
1,GuildChallengeTemplate
1,GuildDetailsFrameTemplate
1,GuildFrameTabButtonTemplate
1,GuildMemberListDropDownMenuTemplate
1,GuildNameChangeFrameTemplate
1,GuildNewsButtonTemplate
1,GuildNewsCheckButtonTemplate
1,GuildPerksButtonTemplate
1,GuildPermissionCheckBoxTemplate
1,GuildPostingChangeFrameTemplate
1,GuildProgressBarTemplate
1,GuildRewardsButtonTemplate
1,GuildRewardsTutorialButtonTemplate
1,HeirloomHeaderTemplate
1,HeirloomSpellButtonTemplate
1,HelpFrameContainerFrameTemplate
1,HideToastAnimGroupTemplate
1,HonorAwardedAlertFrameTemplate
1,HonorStatusBarTemplate
1,HorizontalFullStoreCardWithBuyButtonTemplate
1,HorizontalFullStoreCardWithNydusLinkButtonTemplate
1,HorizontalLargeStoreCardTemplate
1,HorizontalLargeStoreCardWithBuyButtonTemplate
1,HorizontalMultiBar2
1,HorizontalScrollBarTemplate
1,HybridScrollBarBackgroundTemplate
1,IMECandidate
1,IMEHighlight
1,IMENormal
1,IconButtonTemplate
1,InspectGuildFrameBannerBorder
1,InspectPaperDollItemSlotButtonBottomTemplate
1,InspectPaperDollItemSlotButtonLeftTemplate
1,InspectPaperDollItemSlotButtonRightTemplate
1,InspectPaperDollItemSlotButtonTemplate
1,InspectPvpStatTemplate
1,InspectPvpTalentSlotTemplate
1,InspectTalentButtonTemplate
1,InspectTalentRowTemplate
1,InvasionAlertFrameRewardTemplate
1,InvasionPinTemplate
1,IslandsQueueFrameCardFrameTemplate
1,IslandsQueueFrameDifficultyButtonTemplate
1,IslandsQueueFrameIslandCardTemplate
1,IslandsQueueFrameTutorialTemplate
1,IslandsQueueFrameWeeklyQuestFrameTemplate
1,IslandsQueueScreenDifficultySelector
1,ItemAlertFrameTemplate
1,ItemSocketingSocketButtonTemplate
1,ItemUpgradePreviewBigTextTemplate
1,ItemUpgradePreviewTemplate
1,ItemUpgradeTooltipTemplate
1,KeyBindingFrameBindingButtonTemplateWithLabel
1,KeyBindingFrameBindingTemplate
1,KeyBindingTemplate
1,KeybindingsCategoryListButtonTemplate
1,KeybindingsDefaultsButtonTemplate
1,KeybindingsOkayButtonTemplate
1,KeybindsCancelButtonTemplate
1,KeybindsCharacterSpecificButtonTemplate
1,KeystoneTemplate
1,LFDFrameDungeonChoiceTemplate
1,LFDRoleButtonTemplate
1,LFGBackfillCoverTemplate
1,LFGCooldownCoverTemplate
1,LFGDungeonReadyRewardTemplate
1,LFGDungeonReadyStatusPlayerTemplate
1,LFGDungeonReadyStatusRoleWithCountTemplate
1,LFGListApplicantMemberTemplate
1,LFGListApplicantTemplate
1,LFGListEntryCreationActivityListTemplate
1,LFGListLockButtonTemplate
1,LFGListOptionCheckButtonTemplate
1,LFGListPanelTemplate
1,LFGListRequirementTemplate
1,LFGListRoleButtonTemplate
1,LFGListSearchAutoCompleteButtonTemplate
1,LFGListSearchEntryTemplate
1,LFGListVoiceChatIcon
1,LFGRewardFrameTemplate
1,LFGRewardsLootShortageTemplate
1,LFGRewardsLootTemplate
1,LFGRoleButtonTemplate
1,LFGRoleButtonWithBackgroundAndRewardTemplate
1,LFGRoleButtonWithBackgroundTemplate
1,LFRBrowseButtonTemplate
1,LFRBrowseFrameColumnHeaderRoleTemplate
1,LFRBrowseFrameColumnHeaderTemplate
1,LFRFrameDungeonChoiceTemplate
1,LFRFrameSideTabTemplate
1,LFRRoleButtonTemplate
1,LandingPageSoulbindButtonTemplate
1,LandingPageSoulbindPanelTemplate
1,LargeMoneyInputBoxTemplate
1,LargeMoneyInputFrameTemplate
1,LargeQuestRewardItemButtonTemplate
1,LargeStoreCardBuyButtonTemplate
1,LargeStoreCardNydusLinkButtonTemplate
1,LargeStoreCardTemplate
1,LargeUIDropDownMenuTemplate
1,LegendaryItemAlertFrameTemplate
1,LootHistoryItemTemplate
1,LootHistoryPlayerTemplate
1,LootItemExtended
1,LootUpgradeFrameTemplate
1,LootUpgradeFrame_ArrowTemplate
1,LootUpgradeFrame_ItemNameTemplate
1,MailItemTemplate
1,MainPet-HealthBarBG
1,MainPet-HealthBarFill
1,MainPet-HealthBarFrame
1,MainPet-PetFamilyActivate
1,MainPet-PetFamilyFrame
1,ManagedVerticalLayoutFrameTemplate
1,MapCanvasDebugTriggerAreaTemplate
1,MapCanvasDetailLayerTemplate
1,MapCanvasDetailTileTemplate
1,MapExplorationPinTemplate
1,MapHighlightPinTemplate
1,MapIndicatorQuestPinTemplate
1,MapLinkPinTemplate
1,MapPinSupertrackHighlightTemplate
1,MapQuestInfoSpellHeaderTemplate
1,MaterialFrameTemplate
1,MawBuffTemplate
1,MawBuffsList
1,MediumStoreCardTemplate
1,MediumStoreCardWithBuyButtonTemplate
1,MinimalScrollBarWithBorderTemplate
1,MirrorTimerTemplate
1,MissionCombatTextFontOutline
1,MissionCompletePreloadModelTemplate
1,MissionPageTemplate
1,ModelSceneActorTemplate
1,MoneyDenominationDisplayTemplate
1,MountListButtonTemplate
1,MouseDisabledModelTemplate
1,MovableChatConfigWideCheckBoxWithSwatchTemplate
1,MultiBar1ButtonTemplate
1,MultiBar2ButtonNoBackgroundTemplate
1,MultiBarButtonTemplate
1,MultiCastActionButtonTemplate
1,MultiCastFlyoutButtonTemplate
1,MultiCastSlotButtonTemplate
1,MultiCastSpellButton
1,MyManaCostPredictionBarTemplate
1,MythicPlusSeasonChangesNoticeTemplate
1,NPE_TutorialCallout
1,NPE_TutorialLine
1,NPE_TutorialQuestBangGlowTemplate
1,NameChangeEditBoxTemplate
1,NamePlateSecondaryBarBorderTemplate
1,NamePlateUnitFrameTemplate
1,NewCosmeticAlertFrameTemplate
1,NewFeatureLabelNoAnimateTemplate
1,NewFeatureLabelTemplate
1,NewMountAlertFrameTemplate
1,NewPetAlertFrameTemplate
1,NewRecipeLearnedAlertFrameTemplate
1,NewRuneforgePowerAlertFrameTemplate
1,NewToyAlertFrameTemplate
1,NineSliceCodeTemplate
1,NoCameraControlModelSceneMixinTemplate
1,NonInteractableWrappedAndUnwrappedModelScene
1,NonInteractableWrappedModelSceneTemplate
1,NubTemplate
1,Number11FontWhite
1,Number13FontRed
1,Number14FontGreen
1,Number14FontRed
1,Number15FontWhite
1,NumberFontNormalRightGreen
1,NumberFontSmallBattleNetBlueLeft
1,NumberFontSmallWhiteLeft
1,NumberFontSmallYellowLeft
1,NydusLinkButtonTemplate
1,ObjectiveTrackerMinimizeButtonTemplate
1,ObjectiveTrackerUIWidgetBlock
1,OpenMailAttachment
1,OptionalReagentButtonTemplate
1,OptionalReagentListLineTemplate
1,OptionalReagentListTemplate
1,OptionsDropdownTemplate
1,OptionsFontHighlightSmall
1,OptionsFontLeft
1,OptionsFontSmall
1,OptionsFontSmallLeft
1,OrderHallFrameTabButtonTemplate
1,OrderHallMissionPageEnemyTemplate
1,OrderHallMissionPageTemplate
1,OrderHallTalentFrameTick
1,OribosScrollBarButtonScripts
1,OribosScrollDownButtonTemplate
1,OribosScrollUpButtonTemplate
1,OverrideActionBarButtonTemplate
1,PVPAchievementRewardTemplate
1,PVPBonusBattlegroundContentsTemplate
1,PVPCasualActivityButton
1,PVPCasualSpecialEventButtonTemplate
1,PVPCasualStandardButtonTemplate
1,PVPCellClassTemplate
1,PVPCellHonorLevelTemplate
1,PVPCellNameTemplate
1,PVPCellStatTemplate
1,PVPCellStringTemplate
1,PVPConquestBarTemplate
1,PVPConquestRewardButton
1,PVPCurrencyDisplayTemplate
1,PVPCurrencyRewardTemplate
1,PVPHeaderIconTemplate
1,PVPHeaderStringTemplate
1,PVPHonorRewardTemplate
1,PVPHonorSystemLargeXPBar
1,PVPHonorSystemSmallXPBar
1,PVPIconTemplate
1,PVPInstanceListEntryButtonTemplate
1,PVPInstanceListHeaderButtonTemplate
1,PVPLootTemplate
1,PVPMatchResultsCurrencyRewardTemplate
1,PVPMatchResultsLoot
1,PVPNewRatingTemplate
1,PVPQuestRewardTemplate
1,PVPQueueFrameButtonTemplate
1,PVPRatedActivityButtonTemplate
1,PVPRatedTierTemplate
1,PVPRewardTemplate
1,PVPSeasonChangesDescriptionTemplate
1,PVPSeasonChangesNoticeTemplate
1,PVPSoloShuffleCellNameTemplate
1,PVPSoloShuffleCellStatTemplate
1,PVPSpecificBattlegroundButtonTemplate
1,PVPStandardRewardTemplate
1,PVPStringTemplate
1,PVPTableRowTemplate
1,PVPWarGameButtonTemplate
1,PVPWeeklyChestTemplate
1,PagedListControlButtonTemplate
1,PagedListHorizontalControlTemplate
1,PagedListTemplate
1,PaperDollItemSlotButtonBottomTemplate
1,PaperDollItemSlotButtonLeftTemplate
1,PaperDollItemSlotButtonRightTemplate
1,PartyMemberFrameTemplate
1,PartyMemberPetFrameTemplate
1,PartyPetDebuffFrameTemplate
1,PartyPoseFrameTemplate
1,PartyPoseModelFrameTemplate
1,PartyPoseModelShadowTextureTemplate
1,PartyPoseRewardsButtonTemplate
1,PetBattleAuraHolderTemplate
1,PetBattleAuraTemplate
1,PetBattleMiniUnitFrameEnemy
1,PetBattlePetSelectionButtonTemplate
1,PetBattleUnitFrameUnclickable
1,PetBattleUnitTooltipAuraTemplate
1,PetBattleUnitTooltipPetTypeStrengthTemplate
1,PetCardSpellButtonTemplate
1,PetStable-ModelBG
1,PetStable-StableBG
1,PetStable-TabSel-Left
1,PetStable-TabSel-Right
1,PetStable-TabUnsel-Left
1,PetStable-TabUnsel-Right
1,PetStableActiveSlotTemplate
1,PetTamerPinTemplate
1,PlayerChoiceBaseCenteredFrame
1,PlayerChoiceBaseOptionAlignedSection
1,PlayerChoiceBaseOptionButtonTemplate
1,PlayerChoiceBaseOptionButtonsContainer
1,PlayerChoiceBaseOptionCurrencyContainerRewardTemplate
1,PlayerChoiceBaseOptionCurrencyRewardTemplate
1,PlayerChoiceBaseOptionItemRewardTemplate
1,PlayerChoiceBaseOptionReputationRewardTemplate
1,PlayerChoiceBaseOptionRewardsTemplate
1,PlayerChoiceBaseOptionTemplate
1,PlayerChoiceBaseOptionTextTemplate
1,PlayerChoiceCovenantChoiceOptionTemplate
1,PlayerChoiceCypherOptionTemplate
1,PlayerChoiceNormalOptionTemplate
1,PlayerChoicePowerChoiceTemplate
1,PlayerChoiceSmallerOptionButtonTemplate
1,PlayerChoiceTextFont
1,PlayerChoiceToggleButtonTemplate
1,PlayerChoiceTorghastOptionTemplate
1,PlayerReportFrameTemplate
1,PlayerSpecButtonTemplate
1,PlayerSpecSpellTemplate
1,PlayerSpecTabTemplate
1,PlayerTalentButtonTemplate
1,PlayerTitleButtonTemplate
1,PlayerTradeItemTemplate
1,PowerDependencyCurvedLineTemplate
1,PowerDependencyLineTemplate
1,PowerSwirlScale
1,PowerSwirlScaleTexture
1,PowerSwirlTemplate
1,PriceFontYellow
1,PrimaryProfessionTemplate
1,ProfessionButtonTemplate
1,ProfessionTrialCapTemplate
1,PropertyButtonTemplate
1,PropertyFontStringTemplate
1,PvpRoleButtonWithCountTemplate
1,PvpRoleStatusTemplate
1,PvpTalentButtonTemplate
1,PvpTalentSlotTemplate
1,QuestBlobPinTemplate
1,QuestDetailsButtonTemplate
1,QuestFontHighlightHuge
1,QuestFontNormalHuge
1,QuestFontNormalLarge
1,QuestIcon-Exclamation
1,QuestIcon-WhiteFlash
1,QuestInfoHonorFrameScriptTemplate
1,QuestInfoRewardFollowerCodeTemplate
1,QuestInfoRewardSpellCodeTemplate
1,QuestInfoSpellHeaderTemplate
1,QuestLogHeaderCodeTemplate
1,QuestLogPathButtonTemplate
1,QuestLogTitleTemplate
1,QuestPOICompletedTemplate
1,QuestPOIDisplayLayerTemplate
1,QuestPortrait-Corner_BL
1,QuestPortrait-Corner_BR
1,QuestPortrait-Corner_UL
1,QuestPortrait-Corner_UR
1,QuestPortrait-Divider_noname
1,QuestPortrait-MrBrownstone
1,QuestPortrait-Nameplate
1,QuestPortrait-StoneSwirls-Top
1,QuestSessionDialogBodyTemplate
1,QuestSessionDialogButtonContainerTemplate
1,QuestSessionDialogButtonTemplate
1,QuestSessionDialogMinimizeButtonTemplate
1,QuestSessionDialogMinimizeTemplate
1,QuestSessionDialogTemplate
1,QuestSessionDialogTitleTemplate
1,QuestSessionMemberTemplate
1,QuestTitleButtonTemplate
1,QueueStatusEntryTemplate
1,QueueStatusRoleCountTemplate
1,QuickJoinButtonMemberTemplate
1,QuickJoinButtonQueueTemplate
1,QuickJoinButtonTemplate
1,QuickJoinToastTemplate
1,RafRewardDeliveredAlertFrameTemplate
1,RaidAuraFrameTemplate
1,RaidBossEmoteFrameTemplate
1,RaidFinderRoleButtonTemplate
1,RaidGroupButtonTemplate
1,RaidGroupSlotTemplate
1,RaidGroupTemplate
1,RaidInfoHeaderTemplate
1,RaidInfoInstanceTemplate
1,RaidPulloutButtonTemplate
1,RaidPulloutFrameTemplate
1,RaidRoleIconTemplate
1,RaidVideoOptionsDropDownMenuTemplate
1,RaidVideoOptionsSliderTemplate
1,RaidVideoOptionsSmallCheckButtonTemplate
1,RankChangeTemplate
1,ReadyCheckStatusTemplate
1,RecipientTradeItemTemplate
1,RecruitAFriendRewardButtonTemplate
1,RecruitAFriendRewardTemplate
1,RecruitActivityButtonTemplate
1,RecruitListButtonTemplate
1,RecruitSmallTextTemplate
1,RecruitTextTemplate
1,ReportedGuildOrCommunityChangeTemplate
1,ReputationBarTemplate
1,ReputationParagonFrameTemplate
1,ReputationStatusBarTemplate
1,ResizeCheckButtonTemplate
1,ReversedLightingModelSceneMixinTemplate
1,RolePollRoleButtonTemplate
1,RoleSelectionRoleTemplate
1,RoleSelectionTemplate
1,RosterMemberMuteButtonTemplate
1,RosterSelfDeafenButtonTemplate
1,RosterSelfMuteButtonTemplate
1,RosterVoiceToggleButtonTemplate
1,RuneforgeCovenantSigilTemplate
1,RuneforgeCraftingFrameTemplate
1,RuneforgeCreateFrameTemplate
1,RuneforgeItemSlotTemplate
1,RuneforgeLegendaryPowerLootJournalTemplate
1,RuneforgeModifierFrameTemplate
1,RuneforgeModifierSelectionTemplate
1,RuneforgeModifierSelectorFrameTemplate
1,RuneforgeModifierSlotTemplate
1,RuneforgePowerButtonTemplate
1,RuneforgePowerFrameTemplate
1,RuneforgePowerListTemplate
1,RuneforgePowerSlotTemplate
1,RuneforgePowerTemplate
1,RuneforgeUpgradeItemSlotTemplate
1,RunforgeFrameTooltipTemplate
1,ScenarioAlertFrameTemplate
1,ScenarioBlobPinTemplate
1,ScenarioLegionInvasionAlertFrameTemplate
1,ScenarioPinTemplate
1,ScenarioSpellFrameTemplate
1,ScrappingMachineItemSlot
1,ScrollBarBaseTemplate
1,ScrollBoxBaseTemplate
1,ScrollListLineTemplate
1,ScrollListLineTextTemplate
1,ScrollListTemplate
1,ScrollingFontTemplate
1,ScrollingMessageFrame
1,SeasonRewardFrameTemplate
1,SecondaryProfessionTemplate
1,SecureDialogBorderDarkTemplate
1,SecureDialogBorderNoCenterTemplate
1,SecureDialogBorderOpaqueTemplate
1,SecureDialogBorderTemplate
1,SecureHandlerDoubleClickTemplate
1,SecurePartyPetHeaderTemplate
1,SecureTransferButtonTemplate
1,SelectableButtonTemplate
1,SelectableGraveyardPinTemplate
1,SelectionPopoutButtonTemplate
1,SelectionPopoutEntryTemplate
1,SelectionPopoutTemplate
1,SelectionPopoutWithButtonsAndLabelTemplate
1,SelectionPopoutWithButtonsTemplate
1,SendMailAttachment
1,ShadowOrbLargeTemplate
1,ShadowOrbSmallTemplate
1,ShardTemplate
1,SharedEditBoxTemplate
1,SharedGoldRedButtonLargeTemplate
1,SharedGoldRedButtonSmallTemplate
1,SharedHorizontalSliderTemplate
1,SharedPetBattleStrengthPetTypeTemplate
1,ShipyardMissionPageTemplate
1,ShowToastAnimGroupTemplate
1,SimpleCheckoutBorder
1,SimpleCheckoutInsideBorder
1,SimpleCheckoutOutsideBorder
1,SliderWithButtonsAndLabelTemplate
1,SmallAlternateCurrencyFrameTemplate
1,SmallCovenantMissionEncounterIconTemplate
1,SmallDenominationTemplate
1,SmallItemButtonTemplate
1,SmallQuestInfoRewardFollowerTemplate
1,SmallQuestRewardItemButtonTemplate
1,SmallStoreCardTemplate
1,SocialShareButton
1,SocialToastAnimInTemplate
1,SocialToastAnimOutTemplate
1,SocialToastCloseButtonTemplate
1,SocialToastGlowTemplate
1,SocialToastTemplate
1,SoulbindConduitNodeTemplate
1,SoulbindSelectGroupTemplate
1,SoulbindTraitNodeTemplate
1,SoulbindTreeNodeLinkTemplate
1,SoulbindTreeNodeTemplate
1,SoulbindTreeTemplate
1,SoulbindsSelectButtonTemplate
1,SoulbindsUndoButtonTemplate
1,SpecializationFrameTemplate
1,SpellActivationOverlayTemplate
1,SpellBookFrameTabButtonTemplate
1,SpellFlyoutButtonTemplate
1,Spellbook-MountModelFrame
1,Spellbook-RandomIconOverlay
1,SplashFeatureFrameTemplate
1,Start-BackupPetRing
1,Start-Battletag
1,Start-Battletag-ModelShadow
1,Start-Battletag-Sheen
1,Start-VersusSplash
1,StartMissionButtonTemplate
1,StartTimerBar
1,StoreAutoCompleteButtonTemplate
1,StoreBulletPointTemplate
1,StoreButtonSmallTemplate
1,StoreButtonTemplate
1,StoreCategoryTemplate
1,StoreCheckButtonTemplate
1,StoreCheckButtonWithLabelTemplate
1,StoreDropDownListTemplate
1,StoreDropDownMenuButtonTemplate
1,StoreDropDownMenuTemplate
1,StoreEditBoxBaseTemplate
1,StoreEditBoxHorizontalLabelTemplate
1,StoreEditBoxTemplate
1,StoreEditBoxWithAutoCompleteTemplate
1,StoreGoldButtonTemplate
1,StoreProductCardSpecialMagnifierTemplate
1,StoreQuantitySelectionTemplate
1,StoreTooltipBackdrop
1,StoreVASRaceFactionIconFrameTemplate
1,StorylineQuestPinTemplate
1,StreamDropDownMenuTemplate
1,SubscriptionInterstitialBulletPointTemplate
1,SubscriptionInterstitialSubscribeButtonTemplate
1,SupportColorationAnimatorTemplate
1,TabardFrameCustomizeTemplate
1,TableAttributeDisplayTemplate
1,TableAttributeLineBaseTemplate
1,TableAttributeLineEditableTemplate
1,TableAttributeLineFixedValueTemplate
1,TableAttributeLineReferenceTemplate
1,TableAttributeLineTitleTemplate
1,TableInspectAnchorDataProviderTitleTemplate
1,TableInspectAnchorLineTemplate
1,TargetSpellBarTemplate
1,TargetofTargetFrameTemplate
1,TaxiButtonTemplate
1,TempEnchantButtonTemplate
1,TemplatedListElementTemplate
1,TemplatedListTemplate
1,TextToSpeechChatTypeCheckButtonTemplate
1,TextToSpeechCheckButtonSlimTemplate
1,TextToSpeechCheckButtonTemplate
1,TextToSpeechFrameTemplate
1,TextToSpeechFrameTtsVoicePickerTemplate
1,TextToSpeechVoicePickerButtonTemplate
1,ThreatObjectivePinTemplate
1,ThreeSliceButtonTemplate
1,Timer-BG
1,Timer-Fill
1,Timer-Frame
1,ToggleVoiceDeafenButtonTemplate
1,ToggleVoiceMuteButtonTemplate
1,TokenButtonTemplate
1,TooltipTextLeftTemplate
1,TooltipTextRightTemplate
1,TooltipTextureTemplate
1,TorghastGemsAnimationTemplate
1,TorghastLevelPickerOptionButtonTemplate
1,TorghastLevelPickerRewardBannerTemplate
1,TorghastLevelPickerRewardCircleTemplate
1,TorghastPagingContainerTemplate
1,TotemButtonTemplate
1,ToySpellButtonTemplate
1,TrackerButton-AutoComplete-Down
1,TrackerButton-AutoComplete-Up
1,TradeHighlightTemplate
1,TradeSkillDetailsFrameTemplate
1,TradeSkillDetailsStarTemplate
1,TradeSkillGuildCrafterButtonTemplate
1,TradeSkillOptionalReagentTemplate
1,TradeSkillReagentTemplate
1,TradeSkillRecipeListTemplate
1,TradeSkillRowButtonTemplate
1,TradeSkillRowStarTemplate
1,TradeSkillStatusBarArtTemplate
1,TruncatedTooltipFontStringWrapperTemplate
1,TutorialPointerFrame
1,UI-EJ-AbilityIconBorder
1,UI-EJ-BossButton-Down
1,UI-EJ-BossButton-Highlight
1,UI-EJ-BossButton-Up
1,UI-EJ-BossModelButton
1,UI-EJ-BossNameShadow
1,UI-EJ-Bullet
1,UI-EJ-CreatureHeaderFrameSm
1,UI-EJ-CreatureHeaderFrameSm-bg
1,UI-EJ-DungeonButton-Down
1,UI-EJ-DungeonButton-Highlight
1,UI-EJ-DungeonButton-Up
1,UI-EJ-DungeonGridTab-Left
1,UI-EJ-DungeonGridTab-LeftHighlight
1,UI-EJ-DungeonGridTab-LeftSelect
1,UI-EJ-DungeonGridTab-Right
1,UI-EJ-DungeonGridTab-RightHighlight
1,UI-EJ-DungeonGridTab-RightSelect
1,UI-EJ-DungeonGridTab-SelectedGlow
1,UI-EJ-DungeonGridTab-Shadow
1,UI-EJ-DungeonNameBg
1,UI-EJ-FilterButtonSelect
1,UI-EJ-Header-Overview
1,UI-EJ-LeftPageHeader
1,UI-EJ-LoreTextCover-Bottom
1,UI-EJ-LoreTextCover-Top
1,UI-EJ-MainTextCover-Bottom
1,UI-EJ-MainTextCover-Top
1,UI-EJ-MapButtonLg-Down
1,UI-EJ-MapButtonLg-Highlight
1,UI-EJ-MapButtonLg-Select
1,UI-EJ-MapButtonLg-Up
1,UI-EJ-MapButtonSm-Down
1,UI-EJ-MapButtonSm-Highlight
1,UI-EJ-MapButtonSm-Selection
1,UI-EJ-MapButtonSm-Up
1,UI-EJ-MoreTextBelowHighlight
1,UI-EJ-PaperHeader-Highlight-Left
1,UI-EJ-PaperHeader-Highlight-Right
1,UI-EJ-PaperHeader-SelectDown-Left
1,UI-EJ-PaperHeader-SelectDown-Right
1,UI-EJ-PaperHeader-SelectUp-Right
1,UI-EJ-PaperHeader-UnSelectDown-Left
1,UI-EJ-PaperHeader-UnSelectDown-Right
1,UI-EJ-PaperHeader-UnSelectUp-Left
1,UI-EJ-PaperHeader-UnSelectUp-Right
1,UI-EJ-ReturnToDefault
1,UI-EJ-RightPageHeader
1,UI-EJ-SearchBarHighlightLg
1,UI-EJ-SearchBarHighlightSm
1,UI-EJ-SearchIconFrameLg
1,UI-EJ-SearchIconFrameSm
1,UI-EJ-ShowMapBG
1,UI-EJ-Tab-AbilitiesIcon-Selected
1,UI-EJ-Tab-AbilitiesIcon-UnSelected
1,UI-EJ-Tab-BossIcon-Selected
1,UI-EJ-Tab-BossIcon-UnSelected
1,UI-EJ-Tab-Highlight
1,UI-EJ-Tab-LootIcon-Selected
1,UI-EJ-Tab-LootIcon-UnSelected
1,UI-EJ-Tab-ModelIcon-Selected
1,UI-EJ-Tab-ModelIcon-UnSelected
1,UI-EJ-Tab-Selected
1,UI-EJ-Tab-UnSelected
1,UI-PaperOverlay-Check
1,UI-PaperOverlay-PaperHeader-SelectUp-Left
1,UI-PaperOverlay-PaperHeader-SelectUp-Mid
1,UI-PaperOverlay-PaperHeader-SelectUp-Right
1,UIFrameManager_ManagedFrame
1,UIMenuButtonTemplate
1,UIPanelHideButtonNoScripts
1,UIStaticPopupSpecialCloseButton
1,UIWidgetBaseCircularStatusBarTemplate
1,UIWidgetBaseControlZoneTemplate
1,UIWidgetBaseCurrencyTemplate
1,UIWidgetBaseResourceTemplate
1,UIWidgetBaseScenarioHeaderTemplate
1,UIWidgetBaseSpellTemplate
1,UIWidgetBaseStateIconTemplate
1,UIWidgetBaseStatusBarPartitionTemplate
1,UIWidgetBaseStatusBarTemplate
1,UIWidgetBaseTemplate
1,UIWidgetBaseTextureAndTextTemplate
1,UIWidgetHorizontalWidgetContainerTemplate
1,UIWidgetInAnimation
1,UIWidgetOutAnimation
1,UIWidgetTemplateBulletTextList
1,UIWidgetTemplateBulletTextListLine
1,UIWidgetTemplateCaptureBar
1,UIWidgetTemplateCaptureZone
1,UIWidgetTemplateDiscreteProgressSteps
1,UIWidgetTemplateDoubleIconAndText
1,UIWidgetTemplateDoubleIconAndText_IconAndTextFrame
1,UIWidgetTemplateDoubleStateIconRow
1,UIWidgetTemplateDoubleStatusBar
1,UIWidgetTemplateDoubleStatusBar_StatusBarTemplate
1,UIWidgetTemplateHorizontalCurrencies
1,UIWidgetTemplateIconAndText
1,UIWidgetTemplateIconTextAndBackground
1,UIWidgetTemplateIconTextAndCurrencies
1,UIWidgetTemplateScenarioHeaderCurrenciesAndBackground
1,UIWidgetTemplateScenarioHeaderTimer
1,UIWidgetTemplateSpacer
1,UIWidgetTemplateSpellDisplay
1,UIWidgetTemplateStackedResourceTracker
1,UIWidgetTemplateStatusBar
1,UIWidgetTemplateTextColumnRow
1,UIWidgetTemplateTextColumnRowColumnTemplate
1,UIWidgetTemplateTextWithState
1,UIWidgetTemplateTextureAndText
1,UIWidgetTemplateTextureAndTextRow
1,UIWidgetTemplateTextureWithAnimation
1,UIWidgetTemplateTooltipFrame
1,UIWidgetTemplateUnitPowerBar
1,UIWidgetTemplateZoneControl
1,UnitCounterBarNumberTemplate
1,UnitPopupSliderTemplate
1,UnitPopupVoiceLevelsTemplate
1,UnitPopupVoiceSliderTemplate
1,UnitPopupVoiceTextTemplate
1,UnitPopupVoiceToggleButtonTemplate
1,UnitPowerBarAltCounterTemplate
1,UnitPowerBarAltPillTemplate
1,UnitPowerBarAltTexturableTemplate
1,VehiclePinTemplate
1,VehicleSeatIndicatorButtonTemplate
1,VerticalFullStoreCardWithBuyButtonTemplate
1,VerticalLargePageableStoreCardWithBuyButtonTemplate
1,VerticalLargeStoreCardTemplate
1,VerticalLargeStoreCardWithBuyButtonTemplate
1,VerticalScrollBarTemplate
1,VideoOptionsDropDownMenuTemplate
1,VideoOptionsSmallCheckButtonTemplate
1,VideoOptionsWarningTemplate
1,VignettePinTemplate
1,VoiceActivityNotificationBaseTemplate
1,VoiceActivityNotificationPartyTemplate
1,VoiceActivityNotificationRosterTemplate
1,VoiceActivityNotificationTemplate
1,VoiceActivityVolumeTemplate
1,VoiceChatDotsTemplate
1,VoiceChatHeadsetButtonTemplate
1,VoiceChatHeadsetTemplate
1,VoiceChatPromptTemplate
1,VoiceChatSpeakerTemplate
1,VoiceChatTranscriptionButtonTemplate
1,VoiceChatTranscriptionTemplate
1,VoiceToggleButtonTemplate
1,VoidStorageAntsFrameTemplate
1,VoidStorageInsetFrameTemplate
1,VoidStorageItemButtonTemplate
1,VoidStorageTabTemplate
1,WardrobeItemsModelTemplate
1,WardrobeOutfitButtonButtonTemplate
1,WardrobeSetsTransmogModelTemplate
1,WardrobeSmallSlotButtonTemplate
1,WardrobeTransmogButtonTemplate
1,WardrobeTransmogEnchantButtonTemplate
1,WaypointLocationPinTemplate
1,WeeklyRewardActivityItemFrameTemplate
1,WeeklyRewardActivityTemplate
1,WeeklyRewardActivityTypeTemplate
1,WeeklyRewardAlsoItemTemplate
1,WeeklyRewardConfirmSelectionTemplate
1,WeeklyRewardOverlayTemplate
1,WeeklyRewardsNineSliceTemplate
1,WhoListButtonTemplate
1,WideChatConfigBoxWithHeaderAndClassColorsTemplate
1,WoWTokenSellFrameTemplate
1,WoodFrameTemplate
1,WorldMapActionButtonTemplate
1,WorldMapBountyBoardObjectiveTemplate
1,WorldMapBountyBoardTabTemplate
1,WorldMapFloorNavigationFrameTemplate
1,WorldMapFrameTemplate
1,WorldMapInvasionOverlayPinTemplate
1,WorldMapNavBarTemplate
1,WorldMapSidePanelToggleTemplate
1,WorldMapThreatFrameTemplate
1,WorldMapThreatOverlayPinTemplate
1,WorldMapTrackingOptionsButtonTemplate
1,WorldMapTrackingPinButtonTemplate
1,WorldMapZoneTimerTemplate
1,WorldMap_DebugObjectPinTemplate
1,WorldMap_DebugPortLocPinTemplate
1,WorldQuestCompleteAlertFrameTemplate
1,WorldQuestFrameRewardTemplate
1,WorldQuestPingPinTemplate
1,WorldQuestSpellEffectPinTemplate
1,WowScrollBarStepperButtonScripts
1,WowScrollBarThumbButtonScripts
1,WowScrollBox
1,WowTokenButtonTemplate
1,WowTrimHorizontalScrollBar
1,WrappedModelSceneTemplate
1,ZoneAbilityFrameSpellButtonTemplate
1,ZoneAbilityFrameTemplate
1,ZoneLabelDataProvider_ZoneLabelTemplate
1,_BattleBar-ButtonBGMid
1,_BattleBar-Mid
1,_DungeonGridTab-Mid
1,_DungeonGridTab-MidHighlight
1,_DungeonGridTab-MidSelect
1,_PaperHeader-Highlight-Mid
1,_PaperHeader-SelectDown-Mid
1,_PaperHeader-UnSelectDown-Mid
1,_PaperHeader-UnSelectUp-Mid
1,_SearchBarSm
1,_WoodFrameTile-Bottom
1,_WoodFrameTile-Top
1,store-button-disabled-left
1,store-button-disabled-middle
1,store-button-disabled-right
1,store-button-down-left
1,store-button-down-middle
1,store-button-down-right
1,store-button-goldborder-left
1,store-button-goldborder-middle
1,store-button-goldborder-right
1,store-button-up-left
1,store-button-up-middle
1,store-button-up-right
1,store-card-hover
1,store-card-selected
1,store-card-splash-banner
1,store-card-splash3-large
1,store-card-splash3-large-hover
1,store-card-splash3-large-selected
1,store-card-splash3-small
1,store-card-splash3-small-hover
1,store-card-splash3-small-selected
1,store-category
1,store-category-bg
1,store-category-hover
1,store-category-selected
1,store-category-subcategory
1,store-category-subcategory-hover
1,store-category-subcategory-selected
1,store-corner-discount-left
1,store-corner-discount-middle
1,store-corner-discount-right
1,store-corner-hot
1,store-corner-new
1,store-error-icon
1,store-error-line
1,store-goldborder-bottom
1,store-goldborder-bottom-left
1,store-goldborder-bottom-right
1,store-goldborder-left
1,store-goldborder-right
1,store-goldborder-top
1,store-goldborder-top-left
1,store-goldborder-top-right
1,store-icon-checkmark
1,store-icon-magnifyingglass
1,store-icon-new
1,store-icon-purchasesent
1,store-icon-upgradearrow
1,store-icon-wowstore-small
1,store-item-highlight
1,store-itemicon-border
1,store-itemicon-border-glowpulse
1,store-itemicon-border-glowspin
1,store-itemicon-border-receipt
1,store-itemicon-border-splash1
1,store-itemicon-border-splash3
1,store-receipt-blueglow
1,store-receipt-line
1,store-receipt-parchment-bottom
1,store-receipt-parchment-top
1,store-strikethrough
1,store-toast
1,videoSubUnderline
0,BattleBar-AbilityBadge-Strong
0,BattleBar-AbilityBadge-Weak
0,BattleBar-SwapPetFrame-DeadIcon
0,ClassResourceOverlayFrame
0,ContainedAlertFrame
0,DropDownToggleButton
0,EventButton
0,EventEditBox
0,GuildInspect-BG
0,GuildInspect-Banner
0,GuildInspect-BannerBorder
0,GuildInspect-ClassBreakdownLine
0,LevelUpSkillTemplate
0,PaladinResourceOverlayRuneFrame
0,PetPopupButtonTemplate
0,RogueResourceOverlayComboFrame
0,SpellBucketSpellTemplate
0,Spellbook-CompanionIcon_BG
0,Spellbook-MountIcon_BG
0,_BattleSlotTitle-BG
0,_BattleSlotTitle-Mid
